REP_FULLNAME,REP_STATE,REP_TYPE,REP_PARTY,COMPANY_TICKER,COMPANY_CODE,COMPANY_COUNTRY,COMPANY_NAME,TRANSACTION_TYPE,TRANSACTION_DATE,TRANSACTION_PRICE,SHARE_TYPE,TRANSACTION_SHARE_PRICE,TRANSACTION_SHARE_QUANTITY,SHARE_PRICE_3_MONTH,SHARE_PRICE_6_MONTH,SHARE_PRICE_1_YEAR,PERCENT_CHANGE_3_MONTH,PERCENT_CHANGE_6_MONTH,PERCENT_CHANGE_12_MONTH
Cynthia Axne,IA,Congress,Democratic,CL,CL US,US,Colgate Palmolive Co,Buy,12/31/2019,8000,Com,68.84,116,66.58,72.43,84.73,-3.28,5.21,23.08
Cynthia Axne,IA,Congress,Democratic,JNJ,JNJ US,US,Johnson & Johnson,Buy,12/31/2019,8000,Com,145.87,54,133.01,139.04,156.05,-8.82,-4.68,6.98
Cynthia Axne,IA,Congress,Democratic,MKL,MKL US,US,Markel Corp,Buy,12/31/2019,8000,Com NPV,1143.17,6,946.99,907.18,1019.69,-17.16,-20.64,-10.80
Cynthia Axne,IA,Congress,Democratic,SYK,SYK US,US,Stryker Corp,Buy,12/31/2019,8000,Com,209.94,38,162.96,177.52,242.06,-22.38,-15.44,15.30
David Joyce,OH,Congress,Republican,IVE,IVE US,US,BTC iShares S&P 500 Value ETF,Buy,12/31/2019,8000,Stock Unit,130.09,60,97.99,106.97,126.99,-24.68,-17.77,-2.38
David Joyce,OH,Congress,Republican,IWN,IWN US,US,iShares Russell 2000 Value ETF,Buy,12/31/2019,8000,Stock Unit,128.58,62,82.51,96.3,131.69,-35.83,-25.10,2.42
Joseph Courtney,CT,Congress,Democratic,AAPL,AAPL US,US,Apple Inc,Buy,12/31/2019,8000,Com NPV,73.41,108,63.7,90.45,133.72,-13.23,23.21,82.16
Joseph Courtney,CT,Congress,Democratic,ABT,ABT US,US,Abbott Laboratories,Buy,12/31/2019,8000,Com NPV,86.86,92,79.34,89.01,108.44,-8.66,2.48,24.84
Joseph Courtney,CT,Congress,Democratic,AMT,AMT US,US,American Tower Corp,Buy,12/31/2019,8000,Com,229.82,34,230.58,253.8,220.34,0.33,10.43,-4.12
Joseph Courtney,CT,Congress,Democratic,AMZN,AMZN US,US,Amazon Com Inc,Buy,12/31/2019,8000,Com,1847.84,4,1963.95,2680.38,3285.85,6.28,45.05,77.82
Joseph Courtney,CT,Congress,Democratic,ANTM,ANTM US,US,Anthem Inc,Buy,12/31/2019,8000,Com,302.03,26,230.58,259.27,314.05,-23.66,-14.16,3.98
Joseph Courtney,CT,Congress,Democratic,BLK,BLK US,US,Blackrock Inc,Buy,12/31/2019,8000,Com NPV,502.7,14,455.35,532.87,708.94,-9.42,6.00,41.03
Joseph Courtney,CT,Congress,Democratic,C,C US,US,Citigroup Inc,Buy,12/31/2019,8000,Com,79.89,100,44.08,50.29,60.86,-44.82,-37.05,-23.82
Joseph Courtney,CT,Congress,Democratic,CB,CB US,US,Chubb Ltd,Buy,12/31/2019,8000,Com,155.66,50,114.04,125.7,151.93,-26.74,-19.25,-2.40
Joseph Courtney,CT,Congress,Democratic,COF,COF US,US,Capital One Financial Corp,Buy,12/31/2019,8000,Com,102.91,76,53.87,62.38,97.88,-47.65,-39.38,-4.89
Joseph Courtney,CT,Congress,Democratic,COST,COST US,US,Costco Wholesale Corp,Buy,12/31/2019,8000,Com,293.92,26,291.12,301.59,374.45,-0.95,2.61,27.40
Joseph Courtney,CT,Congress,Democratic,CSCO,CSCO US,US,Cisco Systems Inc,Buy,12/31/2019,8000,Com,47.96,166,40.32,46.15,44.48,-15.93,-3.77,-7.26
Joseph Courtney,CT,Congress,Democratic,DHR,DHR US,US,Danaher Corp,Buy,12/31/2019,8000,Com,153.48,52,140.82,172.38,220.68,-8.25,12.31,43.78
Joseph Courtney,CT,Congress,Democratic,DIS,DIS US,US,Walt Disney Co,Buy,12/31/2019,8000,Com,144.63,54,99.8,111.52,181.17,-31.00,-22.89,25.26
Joseph Courtney,CT,Congress,Democratic,GOOGL,GOOGL US,US,Alphabet Inc,Buy,12/31/2019,8000,Com A NPV,1339.39,4,1146.31,1397.17,1736.25,-14.42,4.31,29.63
Joseph Courtney,CT,Congress,Democratic,HD,HD US,US,Home Depot Inc,Buy,12/31/2019,8000,Com,218.38,36,196.1,246.12,265.26,-10.20,12.70,21.47
Joseph Courtney,CT,Congress,Democratic,HON,HON US,US,Honeywell International Inc,Buy,12/31/2019,8000,Com,177,44,131.75,143.24,210.95,-25.56,-19.07,19.18
Joseph Courtney,CT,Congress,Democratic,JPM,JPM US,US,JP Morgan Chase & Co,Buy,12/31/2019,8000,Com,139.4,56,93.5,93,125.36,-32.93,-33.29,-10.07
Joseph Courtney,CT,Congress,Democratic,KDP,KDP US,US,Keurig Dr Pepper Inc,Buy,12/31/2019,8000,Com,28.95,276,24.78,28.3,31.82,-14.40,-2.25,9.91
Joseph Courtney,CT,Congress,Democratic,LMT,LMT US,US,Lockheed Martin Corp,Buy,12/31/2019,8000,Com,389.38,20,348.85,367.5,354.16,-10.41,-5.62,-9.05
Joseph Courtney,CT,Congress,Democratic,MCHP,MCHP US,US,Microchip Technology Inc,Buy,12/31/2019,8000,Com,52.36,152,34.49,51.29,68.4,-34.13,-2.04,30.63
Joseph Courtney,CT,Congress,Democratic,MSFT,MSFT US,US,Microsoft Corp,Buy,12/31/2019,8000,Com,157.7,50,160.23,198.44,221.68,1.60,25.83,40.57
Joseph Courtney,CT,Congress,Democratic,NEE,NEE US,US,Nextera Energy Inc,Buy,12/31/2019,8000,Com,60.54,132,61.5,59.56,75.91,1.59,-1.62,25.39
Joseph Courtney,CT,Congress,Democratic,PLD,PLD US,US,Prologis Inc,Buy,12/31/2019,8000,Com,89.14,88,82.88,91.17,98.82,-7.02,2.28,10.86
Joseph Courtney,CT,Congress,Democratic,ROST,ROST US,US,Ross Stores Inc,Buy,12/31/2019,8000,Com,116.42,68,84.87,85.24,122.49,-27.10,-26.78,5.21
Joseph Courtney,CT,Congress,Democratic,SHW,SHW US,US,Sherwin Williams Co,Buy,12/31/2019,8000,Com,194.51,40,160.61,188.67,242.38,-17.43,-3.00,24.61
Joseph Courtney,CT,Congress,Democratic,STZ,STZ US,US,Constellation Brands Inc,Buy,12/31/2019,8000,Com A,189.75,42,146.44,174.17,218.21,-22.82,-8.21,15.00
Joseph Courtney,CT,Congress,Democratic,SYY,SYY US,US,Sysco Corp,Buy,12/31/2019,8000,Com,85.54,92,46.35,54.42,73.29,-45.81,-36.38,-14.32
Joseph Courtney,CT,Congress,Democratic,TFC,TFC US,US,Truist Financial Corp,Buy,12/31/2019,8000,Com,56.32,142,32.56,36.74,47.37,-42.19,-34.77,-15.89
Joseph Courtney,CT,Congress,Democratic,TMO,TMO US,US,Thermo Fisher Scientific Inc,Buy,12/31/2019,8000,Com,324.87,24,284.96,350.8,461.73,-12.28,7.98,42.13
Joseph Courtney,CT,Congress,Democratic,UNP,UNP US,US,Union Pacific Corp,Buy,12/31/2019,8000,Com,180.79,44,140.2,165.51,205.98,-22.45,-8.45,13.93
Joseph Courtney,CT,Congress,Democratic,V,V US,US,Visa Inc,Buy,12/31/2019,8000,Com A,187.9,42,165.57,191.38,218.36,-11.88,1.85,16.21
Joseph Courtney,CT,Congress,Democratic,WMT,WMT US,US,Walmart Inc,Buy,12/31/2019,8000,Com,118.84,66,115.19,119.06,144.18,-3.07,0.19,21.32
Joseph Courtney,CT,Congress,Democratic,ZTS,ZTS US,US,Zoetis Inc,Buy,12/31/2019,8000,Com A,132.35,60,116.68,131.98,164.27,-11.84,-0.28,24.12
Rohit Khanna,CA,Congress,Democratic,ALB,ALB US,US,Albemarle Corp,Buy,12/31/2019,8000,Com,73.04,108,55.6,76.33,149.29,-23.88,4.50,104.39
Suzan Delbene,WA,Congress,Democratic,MSFT,MSFT US,US,Microsoft Corp,Buy,12/31/2019,8000,Com,157.7,50,160.23,198.44,221.68,1.60,25.83,40.57
David Mckinley,VA,Congress,Republican,ACN,ACN US,US,Accenture Plc,Buy,12/30/2019,32500,Com A,210.64,154,169.82,212.72,257.76,-19.38,0.99,22.37
David Mckinley,VA,Congress,Republican,WM,WM US,US,Waste Management Inc,Buy,12/30/2019,32500,Com,113.77,284,94.6,103.56,116.82,-16.85,-8.97,2.68
Dean Phillips,MN,Congress,Democratic,CMCSA,CMCSA US,US,Comcast Corp,Buy,12/30/2019,8000,Com A,45.18,176,35.49,38.94,51.55,-21.45,-13.81,14.10
Joshua Gottheimer,NJ,Congress,Democratic,DSY,DSY FP,FP,Dassault Systemes Sa,Buy,12/30/2019,8000,Ord,1.19,6722,#N/A,0.95,0.95,#N/A,-20.17,-20.17
Rohit Khanna,CA,Congress,Democratic,URBN,URBN US,US,Urban Outfitters Inc,Buy,12/30/2019,16001,Com,27.57,580,14.56,15.03,25.42,-47.19,-45.48,-7.80
Tomasz Malinowski,NJ,Congress,Democratic,PSIX,PSIX US,US,Power Solutions International Inc,Buy,12/30/2019,8000,Com,6.45,1240,4.6,4.31,3.2,-28.68,-33.18,-50.39
Dean Phillips,MN,Congress,Democratic,CMCSA,CMCSA US,US,Comcast Corp,Buy,12/27/2019,8000,Com A,45.1,176,36.74,38.56,51.11,-18.54,-14.50,13.33
John Boozman,AR,Senate,Republican,GEM,GEM US,US,Goldman Sachs Activebeta Emerging Markets Equity Etf,Buy,12/27/2019,8000,Com,34.5,230,27.05,30.44,37.33,-21.59,-11.77,8.20
Kathy Castor,FL,Congress,Democratic,BIF,BIF US,US,Boulder Growth & Income Fund,Buy,12/27/2019,8000,Com,11.81,676,9.4,9.33,11.11,-20.41,-21.00,-5.93
Rohit Khanna,CA,Congress,Democratic,ADBE,ADBE US,US,Adobe Inc,Buy,12/27/2019,8000,Com,330.79,24,322.67,431.68,498.95,-2.45,30.50,50.84
Rohit Khanna,CA,Congress,Democratic,ALGN,ALGN US,US,Align Technology Inc,Buy,12/27/2019,8000,Com,277.64,28,191.64,257.65,520.86,-30.98,-7.20,87.60
Rohit Khanna,CA,Congress,Democratic,AMT,AMT US,US,American Tower Corp,Buy,12/27/2019,8000,Com,229.08,34,222.2,254.18,221.07,-3.00,10.96,-3.50
Rohit Khanna,CA,Congress,Democratic,AMZN,AMZN US,US,Amazon Com Inc,Buy,12/27/2019,8000,Com,1869.8,4,1955.49,2734.4,3283.96,4.58,46.24,75.63
Rohit Khanna,CA,Congress,Democratic,BKNG,BKNG US,US,Booking Holdings Inc,Buy,12/27/2019,8000,Com,2072.54,2,1406,1610.33,2137.92,-32.16,-22.30,3.15
Rohit Khanna,CA,Congress,Democratic,CME,CME US,US,CME Group Inc,Buy,12/27/2019,8000,Com A,202.78,38,174.84,167.47,180.39,-13.78,-17.41,-11.04
Rohit Khanna,CA,Congress,Democratic,ECL,ECL US,US,Ecolab Inc,Buy,12/27/2019,8000,Com,191.68,40,161.69,196.67,214.7,-15.65,2.60,12.01
Rohit Khanna,CA,Congress,Democratic,EL,EL US,US,Estee Lauder Companies Inc,Buy,12/27/2019,8000,Com A,207.95,38,172.98,187.75,263.82,-16.82,-9.71,26.87
Rohit Khanna,CA,Congress,Democratic,EQIX,EQIX US,US,Equinix Inc,Buy,12/27/2019,8000,Com NPV,582.5,12,587.58,689.63,709.88,0.87,18.39,21.87
Rohit Khanna,CA,Congress,Democratic,FB,FB US,US,Facebook Inc,Buy,12/27/2019,32500,Com A,208.1,156,163.34,234.02,277,-21.51,12.46,33.11
Rohit Khanna,CA,Congress,Democratic,GOOGL,GOOGL US,US,Alphabet Inc,Buy,12/27/2019,8000,Com A NPV,1354.64,4,1162.92,1432.7,1773.96,-14.15,5.76,30.95
Rohit Khanna,CA,Congress,Democratic,ILMN,ILMN US,US,Illumina Inc,Buy,12/27/2019,8000,Com,332.29,24,274.42,358.94,366.78,-17.42,8.02,10.38
Rohit Khanna,CA,Congress,Democratic,INTU,INTU US,US,Intuit Inc,Buy,12/27/2019,8000,Com,267.06,28,248.39,286.13,381.12,-6.99,7.14,42.71
Rohit Khanna,CA,Congress,Democratic,ISRG,ISRG US,US,Intuitive Surgical Inc,Buy,12/27/2019,8000,Com,199.29,40,167.16,184.99,268.39,-16.12,-7.18,34.67
Rohit Khanna,CA,Congress,Democratic,MSFT,MSFT US,US,Microsoft Corp,Buy,12/27/2019,8000,Com,158.96,50,156.11,197.84,224.96,-1.79,24.46,41.52
Rohit Khanna,CA,Congress,Democratic,NFLX,NFLX US,US,Netflix Inc,Buy,12/27/2019,8000,Com,329.09,24,362.99,457.85,519.12,10.30,39.13,57.74
Rohit Khanna,CA,Congress,Democratic,NKE,NKE US,US,Nike Inc,Buy,12/27/2019,8000,Com B NPV,101.57,78,84.3,100.08,142.43,-17.00,-1.47,40.23
Rohit Khanna,CA,Congress,Democratic,NVDA,NVDA US,US,NVIDIA Corp,Buy,12/27/2019,8000,Com,59.22,134,64.31,92.36,129,8.60,55.96,117.83
Rohit Khanna,CA,Congress,Democratic,PYPL,PYPL US,US,Paypal Holdings Inc,Buy,12/27/2019,8000,Com,109.4,72,100.63,168,235.73,-8.02,53.56,115.48
Rohit Khanna,CA,Congress,Democratic,SPGI,SPGI US,US,S&P Global Inc,Buy,12/27/2019,8000,Com,274.29,28,244.95,317.97,318.04,-10.70,15.92,15.95
Rohit Khanna,CA,Congress,Democratic,V,V US,US,Visa Inc,Buy,12/27/2019,8000,Com A,189.39,42,168.88,191.41,212.63,-10.83,1.07,12.27
Dean Phillips,MN,Congress,Democratic,CMCSA,CMCSA US,US,Comcast Corp,Buy,12/26/2019,8000,Com A,44.97,176,33.57,39.2,51.11,-25.35,-12.83,13.65
Gilbert Cisneros,CA,Congress,Democratic,INTU,INTU US,US,Intuit Inc,Buy,12/26/2019,32500,Com,266.87,120,232.58,293.83,381.12,-12.85,10.10,42.81
Gilbert Cisneros,CA,Congress,Democratic,ECOL,ECOL US,US,Us Ecology Inc,Buy,12/24/2019,8000,Com,57,140,29.15,34.93,36.15,-48.86,-38.72,-36.58
Gilbert Cisneros,CA,Congress,Democratic,FLEX,FLEX US,US,Flex Ltd,Buy,12/24/2019,8000,Ord,12.78,624,6.67,10.44,18.24,-47.81,-18.31,42.72
Gilbert Cisneros,CA,Congress,Democratic,GDDY,GDDY US,US,Godaddy Inc,Buy,12/24/2019,8000,Com A,68.4,116,48.77,82.41,84.66,-28.70,20.48,23.77
Gilbert Cisneros,CA,Congress,Democratic,INTU,INTU US,US,Intuit Inc,Buy,12/24/2019,8000,Com,264.33,30,194.72,294.12,376.92,-26.33,11.27,42.59
Gilbert Cisneros,CA,Congress,Democratic,VCYT,VCYT US,US,Veracyte Inc,Buy,12/24/2019,8000,Com,29.6,270,16.85,26.97,56.97,-43.07,-8.89,92.47
John Curtis,UT,Congress,Republican,SNAP,SNAP US,US,Snap Inc,Buy,12/23/2019,8000,Com Ser A,15.49,516,10.65,23.2,52.09,-31.25,49.77,236.28
Rohit Khanna,CA,Congress,Democratic,URBN,URBN US,US,Urban Outfitters Inc,Buy,12/23/2019,8000,Com,27.41,290,13.85,17.28,25.76,-49.47,-36.96,-6.02
Tomasz Malinowski,NJ,Congress,Democratic,PRN,PRN CN,CN,Profound Medical Corp,Buy,12/20/2019,8000,Com,68.51,116,51.48,68.29,91.64,-24.86,-0.32,33.76
James Hill,AR,Congress,Republican,AAWW,AAWW US,US,Atlas Air Worldwide Holdings Inc,Buy,12/19/2019,32500,Com,27.9,1164,19.61,41.17,55.27,-29.71,47.56,98.10
Lloyd Doggett,TX,Congress,Democratic,HD,HD US,US,Home Depot Inc,Buy,12/19/2019,8000,Com,220.22,36,155.63,249.95,270.45,-29.33,13.50,22.81
Lois Frankel,FL,Congress,Democratic,SU,SU CN,CN,Suncor Energy Inc,Buy,12/19/2019,8000,Com NPV,32.61,244,10.45,18.56,17.34,-67.95,-43.08,-46.83
Rohit Khanna,CA,Congress,Democratic,MPLX,MPLX US,US,MPLX LP,Buy,12/19/2019,8000,Stock Unit,25.82,308,8.38,19.1,22.62,-67.54,-26.03,-12.39
Rohit Khanna,CA,Congress,Democratic,URBN,URBN US,US,Urban Outfitters Inc,Buy,12/19/2019,24001,Com,27.69,866,15.13,18.35,27.12,-45.36,-33.73,-2.06
Tomasz Malinowski,NJ,Congress,Democratic,NEWR,NEWR US,US,New Relic Inc,Buy,12/19/2019,8000,Com,68.15,116,36.82,70.46,69.24,-45.97,3.39,1.60
Lois Frankel,FL,Congress,Democratic,NSP,NSP US,US,Insperity Inc,Buy,12/18/2019,8000,Com,85.1,94,37.86,58.14,86.85,-55.51,-31.68,2.06
Lois Frankel,FL,Congress,Democratic,SU,SU CN,CN,Suncor Energy Inc,Buy,12/18/2019,8000,Com NPV,32.28,246,12.59,18.22,17.57,-61.00,-43.56,-45.57
Rohit Khanna,CA,Congress,Democratic,FDX,FDX US,US,Fedex Corp,Buy,12/18/2019,8000,Com,146.86,54,94.96,133.68,292.26,-35.34,-8.97,99.01
Lois Frankel,FL,Congress,Democratic,NSP,NSP US,US,Insperity Inc,Buy,12/17/2019,8000,Com,84.46,94,40.94,58.14,86.72,-51.53,-31.16,2.68
Rohit Khanna,CA,Congress,Democratic,LNG,LNG US,US,Cheniere Energy Inc,Buy,12/17/2019,8000,Com,61.52,130,35.27,47.05,59.05,-42.67,-23.52,-4.01
Rohit Khanna,CA,Congress,Democratic,PAA,PAA US,US,Plains All American Pipeline Lp,Buy,12/17/2019,8000,Stock Unit,18.11,440,5.43,10.51,8.77,-70.02,-41.97,-51.57
Tomasz Malinowski,NJ,Congress,Democratic,BRBR,BRBR US,US,Bellring Brands Inc,Buy,12/17/2019,32500,Com A,21.6,1504,17.01,19.71,24.39,-21.25,-8.75,12.92
Tomasz Malinowski,NJ,Congress,Democratic,NEWR,NEWR US,US,New Relic Inc,Buy,12/17/2019,8000,Com,66.72,118,37.73,67.24,64.73,-43.45,0.78,-2.98
Virginia Foxx,NC,Congress,Republican,DUK,DUK US,US,Duke Energy Corp,Buy,12/17/2019,8000,Com NPV,90.55,88,76.58,86.96,90.61,-15.43,-3.96,0.07
Joshua Gottheimer,NJ,Congress,Democratic,BMRN,BMRN US,US,Biomarin Pharmaceutical Inc,Buy,12/16/2019,8000,Com,83.5,94,73.82,105.76,85.03,-11.59,26.66,1.83
Joshua Gottheimer,NJ,Congress,Democratic,SSNC,SSNC US,US,SS&C Technologies Holdings Inc,Buy,12/16/2019,8000,Com,60.17,132,38.31,56.76,72.2,-36.33,-5.67,19.99
Lloyd Doggett,TX,Congress,Democratic,KO,KO US,US,Coca Cola Co,Buy,12/16/2019,8000,Com,54.42,146,45.26,46.3,53.84,-16.83,-14.92,-1.07
Rohit Khanna,CA,Congress,Democratic,AMZN,AMZN US,US,Amazon Com Inc,Buy,12/16/2019,8000,Com,1769.21,4,1689.15,2572.68,3165.12,-4.53,45.41,78.90
Rohit Khanna,CA,Congress,Democratic,BIIB,BIIB US,US,Biogen Inc,Buy,12/16/2019,8000,Com,301.4,26,281.72,278.49,248.73,-6.53,-7.60,-17.48
Rohit Khanna,CA,Congress,Democratic,EXC,EXC US,US,Exelon Corp,Buy,12/16/2019,8000,Com NPV,44.7,178,30.51,38.31,42.72,-31.74,-14.30,-4.43
Rohit Khanna,CA,Congress,Democratic,NFLX,NFLX US,US,Netflix Inc,Buy,12/16/2019,8000,Com,304.21,26,298.84,425.5,519.78,-1.77,39.87,70.86
Rohit Khanna,CA,Congress,Democratic,URBN,URBN US,US,Urban Outfitters Inc,Buy,12/16/2019,8000,Com,26.78,298,13.39,17.23,27.15,-50.00,-35.66,1.38
Alan Lowenthal,CA,Congress,Democratic,SH,SH US,US,ProShares Short S&P500,Buy,12/13/2019,32500,Ord,24.54,1324,30.34,21.86,18.51,23.63,-10.92,-24.57
Joshua Gottheimer,NJ,Congress,Democratic,SRPT,SRPT US,US,Sarepta Therapeutics Inc,Buy,12/13/2019,8000,Com,132.05,60,94.19,159.83,169.54,-28.67,21.04,28.39
Rohit Khanna,CA,Congress,Democratic,URBN,URBN US,US,Urban Outfitters Inc,Buy,12/13/2019,16001,Com,26.75,598,14.62,18.65,26.08,-45.35,-30.28,-2.50
Gilbert Cisneros,CA,Congress,Democratic,RHP,RHP US,US,Ryman Hospitality Properties Inc,Buy,12/12/2019,8000,Com,84.72,94,42.69,42.77,65.98,-49.61,-49.52,-22.12
Gilbert Cisneros,CA,Congress,Democratic,VCYT,VCYT US,US,Veracyte Inc,Buy,12/12/2019,8000,Com,28.63,278,23.66,26.79,55.54,-17.36,-6.43,93.99
Lloyd Doggett,TX,Congress,Democratic,PPG,PPG US,US,PPG Industries Inc,Buy,12/12/2019,8000,Com,133.76,58,96.97,111.42,142.93,-27.50,-16.70,6.86
Rohit Khanna,CA,Congress,Democratic,LLY,LLY US,US,Eli Lilly & Co,Buy,12/12/2019,8000,Com NPV,121.7,64,140.02,149.13,160.04,15.05,22.54,31.50
Rohit Khanna,CA,Congress,Democratic,MMM,MMM US,US,3M Co,Buy,12/12/2019,8000,Com,168.56,46,147.24,166.7,174.02,-12.65,-1.10,3.24
Rohit Khanna,CA,Congress,Democratic,XOM,XOM US,US,Exxon Mobil Corp,Buy,12/12/2019,8000,Com NPV,70.34,112,41.98,53.52,43.8,-40.32,-23.91,-37.73
Alan Lowenthal,CA,Congress,Democratic,COLD,COLD US,US,Americold Realty Trust,Buy,12/11/2019,32500,Com,35.03,926,31.2,35.68,33.63,-10.93,1.86,-4.00
Joshua Gottheimer,NJ,Congress,Democratic,BMRN,BMRN US,US,Biomarin Pharmaceutical Inc,Buy,12/11/2019,8000,Com,78.77,100,89.32,106.87,77.76,13.39,35.67,-1.28
Rohit Khanna,CA,Congress,Democratic,DCP,DCP US,US,DCP Midstream LP,Buy,12/11/2019,8000,Stock Unit,24.25,328,7.2,16.22,20.96,-70.31,-33.11,-13.57
Rohit Khanna,CA,Congress,Democratic,PAA,PAA US,US,Plains All American Pipeline Lp,Buy,12/11/2019,8000,Stock Unit,17.53,456,8.82,12.25,8.86,-49.69,-30.12,-49.46
Rohit Khanna,CA,Congress,Democratic,URBN,URBN US,US,Urban Outfitters Inc,Buy,12/11/2019,16001,Com,26.59,600,17.1,21.29,27.19,-35.69,-19.93,2.26
Gerald Connolly,VA,Congress,Democratic,ERH,ERH US,US,Wells Fargo Utilities & High Income Fund,Buy,12/10/2019,8000,Com NPV,13.78,580,14.38,13.97,12.9,4.35,1.38,-6.39
Joshua Gottheimer,NJ,Congress,Democratic,RHP,RHP US,US,Ryman Hospitality Properties Inc,Buy,12/10/2019,8000,Com,85.49,92,48.88,48.2,66.97,-42.82,-43.62,-21.66
Kenneth Conaway,TX,Congress,Republican,GSLC,GSLC US,US,Goldman Sachs Activebeta U.S. Large Cap Equity Etf,Buy,12/10/2019,32500,Com,63.11,514,56.02,65.05,73.9,-11.23,3.07,17.10
Lloyd Doggett,TX,Congress,Democratic,IBM,IBM US,US,International Business Machines Corp,Buy,12/10/2019,8000,Com,127.91,62,112.53,129.66,121.11,-12.02,1.37,-5.32
Rohit Khanna,CA,Congress,Democratic,URBN,URBN US,US,Urban Outfitters Inc,Buy,12/10/2019,8000,Com,27.34,292,16.66,21.29,27.26,-39.06,-22.13,-0.29
Rohit Khanna,CA,Congress,Democratic,EPD,EPD US,US,Enterprise Products Partners LP,Buy,12/9/2019,24001,Stock Unit,26.72,898,18.25,22.31,20.95,-31.70,-16.50,-21.59
Virginia Foxx,NC,Congress,Republican,SO,SO US,US,Southern Co,Buy,12/9/2019,8000,Com,61.44,130,62.16,60.27,61,1.17,-1.90,-0.72
Gilbert Cisneros,CA,Congress,Democratic,CL,CL US,US,Colgate Palmolive Co,Buy,12/6/2019,8000,Com,68.24,116,72.34,71.65,85.39,6.01,5.00,25.13
Gilbert Cisneros,CA,Congress,Democratic,COTY,COTY US,US,Coty Inc,Buy,12/6/2019,8000,Com A,11.87,672,8.91,4.75,7.45,-24.94,-59.98,-37.24
Gilbert Cisneros,CA,Congress,Democratic,DXC,DXC US,US,DXC Technology Co,Buy,12/6/2019,8000,Com,37.36,214,19.95,17.85,24.19,-46.60,-52.22,-35.25
Gilbert Cisneros,CA,Congress,Democratic,FCX,FCX US,US,Freeport-Mcmoran Inc,Buy,12/6/2019,8000,Com,11.64,686,9.99,10.14,24.58,-14.18,-12.89,111.17
Gilbert Cisneros,CA,Congress,Democratic,FOXA,FOXA US,US,Fox Corp,Buy,12/6/2019,8000,Com A,35.42,224,29.44,30.77,29.68,-16.88,-13.13,-16.21
Gilbert Cisneros,CA,Congress,Democratic,GE,GE US,US,General Electric Co,Buy,12/6/2019,8000,Com,88.8,90,80.64,58.88,86.88,-9.19,-33.69,-2.16
Gilbert Cisneros,CA,Congress,Democratic,IVZ,IVZ US,US,Invesco Ltd,Buy,12/6/2019,8000,Ord,16.79,476,13.42,9.15,18.02,-20.07,-45.50,7.33
Gilbert Cisneros,CA,Congress,Democratic,KHC,KHC US,US,Kraft Heinz Co,Buy,12/6/2019,8000,Com,31.09,256,26.65,31.31,33.6,-14.28,0.71,8.07
Gilbert Cisneros,CA,Congress,Democratic,MAC,MAC US,US,Macerich Co,Buy,12/6/2019,8000,Com,27.17,294,20.33,8.59,11.63,-25.17,-68.38,-57.20
Gilbert Cisneros,CA,Congress,Democratic,WBA,WBA US,US,Walgreens Boots Alliance Inc,Buy,12/6/2019,8000,Com,58.63,136,48.78,43.61,42.43,-16.80,-25.62,-27.63
Gilbert Cisneros,CA,Congress,Democratic,WFC,WFC US,US,Wells Fargo & Co,Buy,12/6/2019,8000,Com,54.37,146,38.9,28.83,29.34,-28.45,-46.97,-46.04
John Boozman,AR,Senate,Republican,VNQ,VNQ MM,MM,Vanguard Real Estate Index Fund,Buy,12/6/2019,8000,Com,92.87,86,92.26,82.42,85.67,-0.66,-11.25,-7.75
Joshua Gottheimer,NJ,Congress,Democratic,BABA,9988 HK,HK,Alibaba Group Holding Ltd,Buy,12/6/2019,8000,DR,201.89,38,211.46,218.61,264,4.74,8.28,30.76
Joshua Gottheimer,NJ,Congress,Democratic,VCYT,VCYT US,US,Veracyte Inc,Buy,12/6/2019,8000,Com,29.18,274,24.76,25.9,61.88,-15.15,-11.24,112.06
Rohit Khanna,CA,Congress,Democratic,URBN,URBN US,US,Urban Outfitters Inc,Buy,12/6/2019,16001,Com,26.12,612,19.73,19.64,27.6,-24.46,-24.81,5.67
Rohit Khanna,CA,Congress,Democratic,ALB,ALB US,US,Albemarle Corp,Buy,12/5/2019,8000,Com,63.68,124,86.27,78.59,139.22,35.47,23.41,118.62
Rohit Khanna,CA,Congress,Democratic,PAA,PAA US,US,Plains All American Pipeline Lp,Buy,12/5/2019,16001,Stock Unit,17.02,940,13.74,10.17,9.68,-19.27,-40.25,-43.13
Thomas Carper,DE,Senate,Democratic,LGI,LGI US,US,Lazard Global Total Return & Income Fund Inc,Buy,12/5/2019,8000,Com,15.91,502,15.58,14.19,17.51,-2.07,-10.81,10.06
Dean Phillips,MN,Congress,Democratic,ETN,ETN US,US,Eaton Corp Plc,Buy,12/3/2019,8000,Com NPV,91.4,86,95.68,84.66,118.92,4.68,-7.37,30.11
Kenneth Conaway,TX,Congress,Republican,GSLC,GSLC US,US,Goldman Sachs Activebeta U.S. Large Cap Equity Etf,Buy,12/3/2019,40501,Com,62.44,648,62.5,62.15,73.82,0.10,-0.46,18.23
Kenneth Conaway,TX,Congress,Republican,SDY,SDY US,US,SPDR S&P Dividend ETF,Buy,12/3/2019,32500,Com,104.9,308,99.23,91.61,104.86,-5.41,-12.67,-0.04
Kenneth Conaway,TX,Congress,Republican,VIG,VIG US,US,Vanguard Dividend Appreciation FTF,Buy,12/3/2019,65001,Com,120.81,538,120.16,117.75,138.92,-0.54,-2.53,14.99
Roger Marshall,KS,Congress,Republican,BABA,9988 HK,HK,Alibaba Group Holding Ltd,Buy,12/3/2019,8000,DR,194.9,40,210.98,206.57,261.32,8.25,5.99,34.08
Rohit Khanna,CA,Congress,Democratic,URBN,URBN US,US,Urban Outfitters Inc,Buy,12/3/2019,8000,Com,24.31,328,23.02,17.32,28.21,-5.31,-28.75,16.04
Dean Phillips,MN,Congress,Democratic,ETN,ETN US,US,Eaton Corp Plc,Buy,12/2/2019,8000,Com NPV,91.98,86,95.68,84.66,120.7,4.02,-7.96,31.22
Dean Phillips,MN,Congress,Democratic,SIVB,SIVB US,US,SVB Financial Group,Buy,12/2/2019,8000,Pref A,229.79,34,216.75,212.81,355.17,-5.67,-7.39,54.56
Roger Marshall,KS,Congress,Republican,AAPL,AAPL US,US,Apple Inc,Buy,12/2/2019,8000,Com NPV,66.04,120,74.7,80.46,122.72,13.11,21.84,85.83
Rohit Khanna,CA,Congress,Democratic,URBN,URBN US,US,Urban Outfitters Inc,Buy,12/2/2019,8000,Com,25.31,316,23.02,17.32,27.37,-9.05,-31.57,8.14
Tomasz Malinowski,NJ,Congress,Democratic,REG,REG US,US,Regency Centers Corp,Buy,11/29/2019,32500,Com,65.04,498,58.46,45.85,45.58,-10.12,-29.50,-29.92
Tomasz Malinowski,NJ,Congress,Democratic,K,K US,US,Kellogg Co,Buy,11/26/2019,32500,Com,65.49,496,64.5,62.12,63.26,-1.51,-5.15,-3.41
Tomasz Malinowski,NJ,Congress,Democratic,PCRX,PCRX US,US,Pacira Biosciences Inc,Buy,11/21/2019,32500,Com,44.08,736,50.7,42.59,66.26,15.02,-3.38,50.32
Thomas Suozzi,NY,Congress,Democratic,TIP,TIP US,US,BTC iShares TIPS Bond ETF ,Buy,11/18/2019,175000,Stock Unit,116.06,1506,118.8,121.54,125.37,2.36,4.72,8.02
Thomas Suozzi,NY,Congress,Democratic,DAN,DAN US,US,Dana Inc,Buy,11/15/2019,8000,Com,16.77,476,17.91,9.2,17.39,6.80,-45.14,3.70
Thomas Suozzi,NY,Congress,Democratic,IP,IP US,US,International Paper Co,Buy,11/15/2019,8000,Com,43.22,184,41.14,29.21,47.3,-4.81,-32.42,9.44
Thomas Suozzi,NY,Congress,Democratic,NVDA,NVDA US,US,NVIDIA Corp,Buy,11/15/2019,8000,Com,51.05,156,67.69,77.8,135.15,32.60,52.40,164.74
Tomasz Malinowski,NJ,Congress,Democratic,LL,LL US,US,Lumber Liquidators Holdings Inc,Buy,11/15/2019,8000,Com,8.93,894,7.69,7.13,26.52,-13.89,-20.16,196.98
Tomasz Malinowski,NJ,Congress,Democratic,YEXT,YEXT US,US,Yext Inc,Buy,11/14/2019,8000,Com,16.21,492,15.9,14.07,18.04,-1.91,-13.20,11.29
Tomasz Malinowski,NJ,Congress,Democratic,ZUO,ZUO US,US,Zuora Inc,Buy,11/14/2019,8000,Com A,14.66,544,15.82,11.49,10.34,7.91,-21.62,-29.47
Thomas Suozzi,NY,Congress,Democratic,DIS,DIS US,US,Walt Disney Co,Buy,11/13/2019,8000,Com,148.72,52,141.01,107.77,135.52,-5.18,-27.53,-8.88
Tomasz Malinowski,NJ,Congress,Democratic,TRHC,TRHC US,US,Tabula Rasa Healthcare Inc,Buy,11/13/2019,8000,Com,42.26,188,63.41,58.19,34.49,50.05,37.70,-18.39
Tomasz Malinowski,NJ,Congress,Democratic,YEXT,YEXT US,US,Yext Inc,Buy,11/13/2019,32500,Com,16.47,1972,16.21,14.68,17.99,-1.58,-10.87,9.23
Tomasz Malinowski,NJ,Congress,Democratic,ZUO,ZUO US,US,Zuora Inc,Buy,11/13/2019,8000,Com A,14.79,540,15.56,11.53,10.26,5.21,-22.04,-30.63
Thomas Suozzi,NY,Congress,Democratic,AXP,AXP US,US,American Express Co,Buy,11/12/2019,8000,Com,120.89,66,132.24,85.33,111.12,9.39,-29.42,-8.08
Thomas Suozzi,NY,Congress,Democratic,COP,COP US,US,ConocoPhillips,Buy,11/12/2019,8000,Com,58.23,136,57.87,42.27,35.28,-0.62,-27.41,-39.41
Thomas Suozzi,NY,Congress,Democratic,OVV,OVV CN,CN,Ovintiv Inc,Buy,11/12/2019,8000,Com NPV,22.55,354,16.36,5.86,10.89,-27.45,-74.01,-51.71
Tomasz Malinowski,NJ,Congress,Democratic,TRHC,TRHC US,US,Tabula Rasa Healthcare Inc,Buy,11/7/2019,8000,Com,50.05,158,61.73,57.18,35.15,23.34,14.25,-29.77
Cynthia Axne,IA,Congress,Democratic,PGR,PGR US,US,Progressive Corp,Buy,11/6/2019,16001,Com,70.93,224,80.92,75.85,97.29,14.08,6.94,37.16
Roger Marshall,KS,Congress,Republican,YETI,YETI US,US,Yeti Holdings Inc,Buy,11/6/2019,8000,Com,30.73,260,37.91,26.5,59.91,23.36,-13.77,94.96
Tomasz Malinowski,NJ,Congress,Democratic,POST,POST US,US,Post Holdings Inc,Buy,10/25/2019,32500,Com,101.59,318,110.25,91.03,91.34,8.52,-10.39,-10.09
Tomasz Malinowski,NJ,Congress,Democratic,BRBR,BRBR US,US,Bellring Brands Inc,Buy,10/24/2019,8000,Com A,16.3,490,22.78,15.66,20.97,39.75,-3.93,28.65
Tomasz Malinowski,NJ,Congress,Democratic,CSLT,CSLT US,US,Castlight Health Inc,Buy,10/24/2019,8000,Com B,1.6,5000,1.42,0.66,0.94,-11.25,-58.75,-41.25
Tomasz Malinowski,NJ,Congress,Democratic,CSLT,CSLT US,US,Castlight Health Inc,Buy,10/22/2019,8000,Com B,1.5,5332,1.38,0.69,0.92,-8.00,-54.00,-38.67
Tomasz Malinowski,NJ,Congress,Democratic,PTON,PTON US,US,Peloton Interactive Inc,Buy,10/22/2019,8000,Com A,21.16,378,32,31.07,124.3,51.23,46.83,487.43
Tomasz Malinowski,NJ,Congress,Democratic,BRBR,BRBR US,US,Bellring Brands Inc,Buy,10/21/2019,32500,Com A,16.68,1948,22.95,15.61,21.18,37.59,-6.41,26.98
Tomasz Malinowski,NJ,Congress,Democratic,CSLT,CSLT US,US,Castlight Health Inc,Buy,10/21/2019,8000,Com B,1.49,5368,1.38,0.69,0.92,-7.38,-53.69,-38.26
Tomasz Malinowski,NJ,Congress,Democratic,POOL,POOL US,US,Pool Corp,Buy,10/17/2019,32500,Com,212.97,152,217.03,195.34,359.44,1.91,-8.28,68.77
Tomasz Malinowski,NJ,Congress,Democratic,CSLT,CSLT US,US,Castlight Health Inc,Buy,10/16/2019,8000,Com B,1.46,5478,1.41,0.76,1.05,-3.42,-47.95,-28.08
Tomasz Malinowski,NJ,Congress,Democratic,CSLT,CSLT US,US,Castlight Health Inc,Buy,10/15/2019,8000,Com B,1.41,5672,1.49,0.76,1.04,5.67,-46.10,-26.24
Cynthia Axne,IA,Congress,Democratic,UNH,UNH US,US,UnitedHealth Group ,Buy,10/4/2019,8000,Com,219.8,36,292.5,237.32,318.15,33.08,7.97,44.75
Tomasz Malinowski,NJ,Congress,Democratic,QSR,QSR CN,CN,Restaurant Brands International Inc,Buy,10/4/2019,32500,Com NPV,71.61,452,64.7,36.49,57.77,-9.65,-49.04,-19.33
Tomasz Malinowski,NJ,Congress,Democratic,PTON,PTON US,US,Peloton Interactive Inc,Buy,9/27/2019,32500,Com A,25.24,1286,27,24.52,96.91,6.97,-2.85,283.95
Tomasz Malinowski,NJ,Congress,Democratic,PCRX,PCRX US,US,Pacira Biosciences Inc,Buy,9/26/2019,32500,Com,39.85,814,45.39,30.27,58.91,13.90,-24.04,47.83
Gerald Moran,KS,Senate,Republican,AMZN,AMZN US,US,Amazon Com Inc,Buy,9/25/2019,8000,Com,1768.33,4,1789.21,1902.83,3019.79,1.18,7.61,70.77
Gerald Moran,KS,Senate,Republican,FB,FB US,US,Facebook Inc,Buy,9/25/2019,16001,Com A,182.8,86,205.12,148.1,249.53,12.21,-18.98,36.50
Gerald Moran,KS,Senate,Republican,GILD,GILD US,US,Gilead Sciences Inc,Buy,9/25/2019,16001,Com,64.2,248,66.72,72.61,62.25,3.93,13.10,-3.04
Gerald Moran,KS,Senate,Republican,INTC,INTC US,US,Intel Corp,Buy,9/25/2019,16001,Com,51.02,312,59.41,49.58,49.16,16.44,-2.82,-3.65
Gerald Moran,KS,Senate,Republican,JNJ,JNJ US,US,Johnson & Johnson,Buy,9/25/2019,16001,Com,130.99,122,145.93,111.14,144.67,11.41,-15.15,10.44
Gerald Moran,KS,Senate,Republican,KO,KO US,US,Coca Cola Co,Buy,9/25/2019,16001,Com,54.17,294,54.71,37.56,48.7,1.00,-30.66,-10.10
Gerald Moran,KS,Senate,Republican,MPC,MPC US,US,Marathon Petroleum Corp,Buy,9/25/2019,16001,Com,60.15,266,60.97,16.62,28.62,1.36,-72.37,-52.42
Gerald Moran,KS,Senate,Republican,OXY,OXY US,US,Occidental Petroleum Corp,Buy,9/25/2019,16001,Com,45.33,352,39.89,9.69,10.64,-12.00,-78.62,-76.53
Gerald Moran,KS,Senate,Republican,TXN,TXN US,US,Texas Instruments Inc,Buy,9/25/2019,16001,Com,127.74,124,128.53,98.44,136.69,0.62,-22.94,7.01
Gerald Moran,KS,Senate,Republican,V,V US,US,Visa Inc,Buy,9/25/2019,16001,Com A,175.28,90,187.57,135.74,195.52,7.01,-22.56,11.55
Thomas Suozzi,NY,Congress,Democratic,HAL,HAL US,US,Halliburton Co,Buy,9/24/2019,32500,Com,19.49,1666,24.89,5.24,12.65,27.71,-73.11,-35.09
David Joyce,OH,Congress,Republican,MDY,MDY US,US,SPDR S&P Midcap 400 ETF,Buy,9/20/2019,8000,Unit,353.53,22,375.19,231.03,331.48,6.13,-34.65,-6.24
Cynthia Axne,IA,Congress,Democratic,WFC,WFC US,US,Wells Fargo & Co,Buy,9/9/2019,16001,Com,48.41,330,53.92,32.48,23.97,11.38,-32.91,-50.49
Cynthia Axne,IA,Congress,Democratic,SSNC,SSNC US,US,SS&C Technologies Holdings Inc,Buy,9/6/2019,8000,Com,48.9,162,59.08,57.09,59.37,20.82,16.75,21.41
Tomasz Malinowski,NJ,Congress,Democratic,QSR,QSR CN,CN,Restaurant Brands International Inc,Buy,9/2/2019,8000,Com NPV,76.59,104,65.55,59.41,54.92,-14.41,-22.43,-28.29
Tomasz Malinowski,NJ,Congress,Democratic,PCRX,PCRX US,US,Pacira Biosciences Inc,Buy,8/23/2019,8000,Com,36.54,218,44.08,50.7,59.73,20.63,38.75,63.46
Thomas Suozzi,NY,Congress,Democratic,BA,BA US,US,Boeing Co,Buy,8/21/2019,8000,Com,339.99,22,367,338.88,169.58,7.94,-0.33,-50.12
Thomas Suozzi,NY,Congress,Democratic,URI,URI US,US,United Rentals Inc,Buy,8/21/2019,8000,Com,111.26,70,152.27,153.98,174.55,36.86,38.40,56.88
Thomas Suozzi,NY,Congress,Democratic,BYND,BYND US,US,Beyond Meat Inc,Buy,8/20/2019,32500,Com,153.97,210,79.72,122.03,125.35,-48.22,-20.74,-18.59
Thomas Suozzi,NY,Congress,Democratic,SQ,SQ US,US,Square Inc,Buy,8/20/2019,32500,Com A,64.37,504,65.74,82.42,150.37,2.13,28.04,133.60
Thomas Suozzi,NY,Congress,Democratic,GLW,GLW US,US,Corning Inc,Buy,8/19/2019,8000,Com,27.89,286,29.02,27.97,32.11,4.05,0.29,15.13
Tomasz Malinowski,NJ,Congress,Democratic,MSTR,MSTR US,US,Microstrategy Inc,Buy,8/16/2019,8000,Com A,137.33,58,156.64,149.84,143.84,14.06,9.11,4.74
Carol Miller,WV,Congress,Republican,PFE,PFE US,US,Pfizer Inc,Buy,8/14/2019,32500,Com,32.44,1000,35.02,35.82,36.16,7.95,10.42,11.47
Tomasz Malinowski,NJ,Congress,Democratic,PLAY,PLAY US,US,Dave & Buster's Entertainment Inc,Buy,8/9/2019,32500,Com,39.25,828,41.53,45.78,15.04,5.81,16.64,-61.68
Cynthia Axne,IA,Congress,Democratic,SSNC,SSNC US,US,SS&C Technologies Holdings Inc,Buy,8/8/2019,24001,Com,46.14,520,57.41,65.28,60.97,24.43,41.48,32.14
John Curtis,UT,Congress,Republican,AMZN,AMZN US,US,Amazon Com Inc,Buy,8/2/2019,8000,Com,1823.24,4,1776.66,1858,3111.89,-2.55,1.91,70.68
Tomasz Malinowski,NJ,Congress,Democratic,ANIK,ANIK US,US,Anika Therapeutics Inc,Buy,8/1/2019,75000,Com,54.8,1368,69.67,45.21,36.4,27.14,-17.50,-33.58
Thomas Suozzi,NY,Congress,Democratic,BA,BA US,US,Boeing Co,Buy,7/30/2019,8000,Com,347.46,22,340.88,316.6,166.01,-1.89,-8.88,-52.22
Thomas Suozzi,NY,Congress,Democratic,NVDA,NVDA US,US,NVIDIA Corp,Buy,7/29/2019,32500,Com,43.71,742,51.7,60.05,102.16,18.28,37.38,133.72
Thomas Suozzi,NY,Congress,Democratic,CRWD,CRWD US,US,Crowdstrike Holdings Inc,Buy,7/26/2019,32500,Com A,92.88,348,51.84,62.57,103.6,-44.19,-32.63,11.54
David Joyce,OH,Congress,Republican,IJH,IJH US,US,iShares Core S&P Mid-Cap ETF,Buy,7/24/2019,8000,Stock Unit,198.2,40,194.38,207.98,186.07,-1.93,4.93,-6.12
David Joyce,OH,Congress,Republican,IJR,IJR US,US,IShares Core S&P Small-Cap ETF,Buy,7/24/2019,8000,Stock Unit,79.2,100,79.05,84.57,71.24,-0.19,6.78,-10.05
David Joyce,OH,Congress,Republican,IVV,IVV US,US,iShares Core S&P 500 ETF,Buy,7/24/2019,32500,Unit,303.17,106,300.7,332.78,324.2,-0.81,9.77,6.94
Tomasz Malinowski,NJ,Congress,Democratic,FRT,FRT US,US,Federal Realty Investment Trust,Buy,7/22/2019,8000,Com NPV,127.34,62,139.72,130.88,74.43,9.72,2.78,-41.55
Cynthia Axne,IA,Congress,Democratic,JNJ,JNJ US,US,Johnson & Johnson,Buy,7/18/2019,24001,Com,132.07,180,135.17,146.52,149.35,2.35,10.94,13.08
Tomasz Malinowski,NJ,Congress,Democratic,FIVN,FIVN US,US,Five9 Inc,Buy,7/18/2019,8000,Com,48.43,164,55.72,71.92,112.06,15.05,48.50,131.39
Tomasz Malinowski,NJ,Congress,Democratic,POOL,POOL US,US,Pool Corp,Buy,7/18/2019,32500,Com,188.66,172,200.74,215.62,294.39,6.40,14.29,56.04
Tomasz Malinowski,NJ,Congress,Democratic,MSTR,MSTR US,US,Microstrategy Inc,Buy,7/9/2019,8000,Com A,123.99,64,147.35,144.25,118.22,18.84,16.34,-4.65
Thomas Suozzi,NY,Congress,Democratic,AAPL,AAPL US,US,Apple Inc,Buy,7/8/2019,32500,Com NPV,50.01,648,56.77,74.95,93.17,13.52,49.87,86.30
Thomas Suozzi,NY,Congress,Democratic,LYFT,LYFT US,US,Lyft Inc,Buy,7/8/2019,8000,Com A,59.79,132,39.24,43.1,30.94,-34.37,-27.91,-48.25
Thomas Suozzi,NY,Congress,Democratic,NVDA,NVDA US,US,NVIDIA Corp,Buy,7/8/2019,32500,Com,39.3,826,46.08,59.27,98.72,17.25,50.81,151.20
Tomasz Malinowski,NJ,Congress,Democratic,BL,BL US,US,Blackline Inc,Buy,7/5/2019,8000,Com,49.54,160,47.85,52.59,87.75,-3.41,6.16,77.13
Tomasz Malinowski,NJ,Congress,Democratic,BL,BL US,US,Blackline Inc,Buy,7/4/2019,8000,Com,49.54,160,46.15,51.56,87.75,-6.84,4.08,77.13
Carol Miller,WV,Congress,Republican,ABBV,ABBV US,US,Abbvie Inc,Buy,7/2/2019,32500,Com,74.23,436,75.72,88.52,99.14,2.01,19.25,33.56
Tomasz Malinowski,NJ,Congress,Democratic,BL,BL US,US,Blackline Inc,Buy,7/2/2019,8000,Com,49.26,162,47.81,51.58,87.16,-2.94,4.71,76.94
Tomasz Malinowski,NJ,Congress,Democratic,NVGS,NVGS US,US,Navigator Holdings Ltd,Buy,7/2/2019,8000,Ord,9.76,818,10.68,13.09,6.75,9.43,34.12,-30.84
Thomas Carper,DE,Senate,Democratic,BSTZ,BSTZ US,US,Blackrock Science And Technology Trust II,Buy,6/26/2019,16001,Com,20.02,798,20.77,20.46,22.81,3.75,2.20,13.94
David Joyce,OH,Congress,Republican,SPY,SPY US,US,Spdr S&P 500 Etf Trust,Buy,6/21/2019,8000,Unit,294,26,301.08,319.59,310.62,2.41,8.70,5.65
David Joyce,OH,Congress,Republican,VEA,VEA US,US,Vanguard FTSE Developed Markets Index Fund ETF,Buy,6/21/2019,8000,Com,41.49,192,41.69,44.13,39.31,0.48,6.36,-5.25
Donna Shalala,FL,Congress,Democratic,EXAS,EXAS US,US,Exact Sciences Corp,Buy,6/19/2019,8000,Com,115.99,68,106.87,91.38,86.09,-7.86,-21.22,-25.78
Donna Shalala,FL,Congress,Democratic,NVCR,NVCR US,US,Novocure Ltd,Buy,6/19/2019,8000,Com,61.51,130,81.81,81.98,62.51,33.00,33.28,1.63
Tomasz Malinowski,NJ,Congress,Democratic,ZUO,ZUO US,US,Zuora Inc,Buy,6/14/2019,32500,Com A,14.73,2206,15.34,14.21,13.5,4.14,-3.53,-8.35
Donna Shalala,FL,Congress,Democratic,AMH,AMH US,US,American Homes 4 Rent,Buy,6/4/2019,8000,Com A,24.44,326,25.69,26.36,27.38,5.11,7.86,12.03
Donna Shalala,FL,Congress,Democratic,AVGO,AVGO US,US,Broadcom Inc,Buy,6/4/2019,8000,Com NPV,265.7,30,274.05,310.72,309.53,3.14,16.94,16.50
Donna Shalala,FL,Congress,Democratic,BDN,BDN US,US,Brandywine Realty Trust,Buy,6/4/2019,8000,Com,15.25,524,14.42,15.17,10.97,-5.44,-0.52,-28.07
Donna Shalala,FL,Congress,Democratic,BOOM,BOOM US,US,DMC Global Inc,Buy,6/4/2019,8000,Com,73.89,108,42.77,46.19,30.51,-42.12,-37.49,-58.71
Donna Shalala,FL,Congress,Democratic,CXP,CXP US,US,Columbia Property Trust Inc,Buy,6/4/2019,8000,Com,21.92,364,21.58,20.18,14.99,-1.55,-7.94,-31.61
Donna Shalala,FL,Congress,Democratic,GBT,GBT US,US,Global Blood Therapeutics Inc,Buy,6/4/2019,8000,Com,59.83,132,45.89,69.39,66.84,-23.30,15.98,11.72
Donna Shalala,FL,Congress,Democratic,LAUR,LAUR US,US,Laureate Education Inc,Buy,6/4/2019,8000,Com A,16.83,474,18.18,16.91,10.85,8.02,0.48,-35.53
Donna Shalala,FL,Congress,Democratic,PRA,PRA US,US,Proassurance Corp,Buy,6/4/2019,8000,Com,38.69,206,39.05,37.1,15.51,0.93,-4.11,-59.91
Donna Shalala,FL,Congress,Democratic,SITC,SITC US,US,SITE Centers Corp,Buy,6/4/2019,8000,Com NPV,12.99,614,13.94,14.24,7.74,7.31,9.62,-40.42
Donna Shalala,FL,Congress,Democratic,UBSI,UBSI US,US,United Bankshares Inc,Buy,6/4/2019,8000,Com,37.69,212,36,37.81,29.63,-4.48,0.32,-21.38
Tomasz Malinowski,NJ,Congress,Democratic,YEXT,YEXT US,US,Yext Inc,Buy,6/4/2019,8000,Com,18.47,432,16.44,16.59,17.63,-10.99,-10.18,-4.55
Cynthia Axne,IA,Congress,Democratic,DD,DD US,US,DuPont De Nemours Inc,Buy,6/3/2019,24001,Com,76.1,314,67.45,64.86,52.65,-11.37,-14.77,-30.81
Cynthia Axne,IA,Congress,Democratic,GOOGL,GOOGL US,US,Alphabet Inc,Buy,5/31/2019,24001,Com A NPV,1106.5,20,1194.24,1312.13,1434.87,7.93,18.58,29.68
Tomasz Malinowski,NJ,Congress,Democratic,MAC,MAC US,US,Macerich Co,Buy,5/31/2019,8000,Com,36.33,220,28.2,27.02,7.14,-22.38,-25.63,-80.35
Tomasz Malinowski,NJ,Congress,Democratic,PCRX,PCRX US,US,Pacira Biosciences Inc,Buy,5/31/2019,32500,Com,43.51,746,37.25,45.65,44.58,-14.39,4.92,2.46
Tomasz Malinowski,NJ,Congress,Democratic,YEXT,YEXT US,US,Yext Inc,Buy,5/31/2019,8000,Com,18.36,434,18.34,17.62,16.65,-0.11,-4.03,-9.31
David Joyce,OH,Congress,Republican,GBDC,GBDC US,US,Golub Capital Bdc Inc,Buy,5/30/2019,32500,Com,15.38,2112,16.08,15.8,12.14,4.55,2.73,-21.07
Donna Shalala,FL,Congress,Democratic,KO,KO US,US,Coca Cola Co,Buy,5/30/2019,8000,Com,49.25,162,55.11,53.9,46.68,11.90,9.44,-5.22
Tomasz Malinowski,NJ,Congress,Democratic,PCRX,PCRX US,US,Pacira Biosciences Inc,Buy,5/30/2019,32500,Com,44.46,730,36.07,44.75,43.95,-18.87,0.65,-1.15
Donna Shalala,FL,Congress,Democratic,KO,KO US,US,Coca Cola Co,Buy,5/23/2019,8000,Com,49.85,160,54.1,53.08,45.03,8.53,6.48,-9.67
Thomas Suozzi,NY,Congress,Democratic,URI,URI US,US,United Rentals Inc,Buy,5/23/2019,8000,Com,118.49,66,111.26,152.27,130.56,-6.10,28.51,10.19
Donna Shalala,FL,Congress,Democratic,AVGO,AVGO US,US,Broadcom Inc,Buy,5/22/2019,8000,Com NPV,269.22,28,280.37,311.07,274.8,4.14,15.54,2.07
Donna Shalala,FL,Congress,Democratic,BK,BK US,US,Bank Of New York Mellon Corp,Buy,5/20/2019,8000,Com,45.97,174,42.72,48.73,33.52,-7.07,6.00,-27.08
Donna Shalala,FL,Congress,Democratic,COP,COP US,US,ConocoPhillips,Buy,5/20/2019,8000,Com,62.45,128,53.94,56.7,42.67,-13.63,-9.21,-31.67
Donna Shalala,FL,Congress,Democratic,DLR,DLR US,US,Digital Realty Trust Inc,Buy,5/20/2019,8000,Com,116.17,68,124.33,120.47,131.41,7.02,3.70,13.12
Donna Shalala,FL,Congress,Democratic,DOW,DOW US,US,Dow Inc,Buy,5/20/2019,8000,Com,50.08,158,45.6,54.32,35.64,-8.95,8.47,-28.83
Donna Shalala,FL,Congress,Democratic,HPQ,HPQ US,US,HP Inc,Buy,5/20/2019,8000,Com,18.96,420,19.21,20.01,16.73,1.32,5.54,-11.76
Donna Shalala,FL,Congress,Democratic,JNJ,JNJ US,US,Johnson & Johnson,Buy,5/20/2019,8000,Com,138.42,56,132.25,134.83,149.02,-4.46,-2.59,7.66
Donna Shalala,FL,Congress,Democratic,JPM,JPM US,US,JP Morgan Chase & Co,Buy,5/20/2019,8000,Com,111.35,70,108.69,130.62,88.67,-2.39,17.31,-20.37
Donna Shalala,FL,Congress,Democratic,LMT,LMT US,US,Lockheed Martin Corp,Buy,5/20/2019,8000,Com,342.01,22,380.47,392.76,371.48,11.25,14.84,8.62
Donna Shalala,FL,Congress,Democratic,OXY,OXY US,US,Occidental Petroleum Corp,Buy,5/20/2019,8000,Com,53.46,148,45.58,39.3,14.37,-14.74,-26.49,-73.12
Donna Shalala,FL,Congress,Democratic,WFC,WFC US,US,Wells Fargo & Co,Buy,5/20/2019,8000,Com,45.45,176,45.25,54,23.95,-0.44,18.81,-47.30
Roger Wicker,MS,Senate,Republican,BIF,BIF US,US,Boulder Growth & Income Fund,Buy,5/17/2019,8000,Com,10.89,734,10.57,11.48,9.21,-2.94,5.42,-15.43
Donna Shalala,FL,Congress,Democratic,AMBA,AMBA US,US,Ambarella Inc,Buy,5/15/2019,8000,Com,48.57,164,45.75,57.53,51.83,-5.81,18.45,6.71
Donna Shalala,FL,Congress,Democratic,EVOP,EVOP US,US,Evo Payments Inc,Buy,5/15/2019,8000,Com A,28.98,276,28.54,28.03,19.74,-1.52,-3.28,-31.88
Donna Shalala,FL,Congress,Democratic,PGRE,PGRE US,US,Paramount Group Inc,Buy,5/15/2019,8000,Ord NPV,14.65,546,13.15,13.73,7.52,-10.24,-6.28,-48.67
Donna Shalala,FL,Congress,Democratic,SHAK,SHAK US,US,Shake Shack Inc,Buy,5/15/2019,8000,Com A,60.82,130,91.61,62.79,48.29,50.62,3.24,-20.60
Donna Shalala,FL,Congress,Democratic,SITE,SITE US,US,Siteone Landscape Supply Inc,Buy,5/15/2019,8000,Com,66.1,120,76.48,92.18,86.16,15.70,39.46,30.35
Tomasz Malinowski,NJ,Congress,Democratic,PSIX,PSIX US,US,Power Solutions International Inc,Buy,5/15/2019,8000,Com,9.35,854,#N/A,5.9,4.95,#N/A,-36.90,-47.06
John Curtis,UT,Congress,Republican,DIS,DIS US,US,Walt Disney Co,Buy,5/14/2019,8000,Com,133.2,60,135.75,136.74,102.92,1.91,2.66,-22.73
Tomasz Malinowski,NJ,Congress,Democratic,YEXT,YEXT US,US,Yext Inc,Buy,5/14/2019,8000,Com,20.8,384,20.12,16.22,13.3,-3.27,-22.02,-36.06
Thomas Suozzi,NY,Congress,Democratic,AAPL,AAPL US,US,Apple Inc,Buy,5/13/2019,32500,Com NPV,46.43,698,50.12,65.55,77.85,7.95,41.18,67.67
Thomas Suozzi,NY,Congress,Democratic,BA,BA US,US,Boeing Co,Buy,5/13/2019,40501,Com,337.37,120,332.94,366.96,125.22,-1.31,8.77,-62.88
Thomas Suozzi,NY,Congress,Democratic,DE,DE US,US,Deere & Co,Buy,5/13/2019,32500,Com,146.28,222,147.05,179.8,130.05,0.53,22.91,-11.10
Thomas Suozzi,NY,Congress,Democratic,GLW,GLW US,US,Corning Inc,Buy,5/11/2019,32500,Com,29.6,1096,28.28,30.19,21.3,-4.46,1.99,-28.04
Donna Shalala,FL,Congress,Democratic,IONS,IONS US,US,Ionis Pharmaceuticals Inc,Buy,5/8/2019,8000,Com,68.65,116,64.07,54.75,53.26,-6.67,-20.25,-22.42
Thomas Suozzi,NY,Congress,Democratic,CAT,CAT US,US,Caterpillar Inc,Buy,5/8/2019,32500,Com,131.95,246,122.08,146.92,107.29,-7.48,11.35,-18.69
Thomas Suozzi,NY,Congress,Democratic,CI,CI US,US,Cigna Corp,Buy,5/8/2019,32500,Com,156.51,206,163.72,183.12,184.18,4.61,17.00,17.68
Thomas Suozzi,NY,Congress,Democratic,GLW,GLW US,US,Corning Inc,Buy,5/8/2019,32500,Com,30.89,1052,28.52,30.06,20.95,-7.67,-2.69,-32.18
Tomasz Malinowski,NJ,Congress,Democratic,TSLA,TSLA US,US,Tesla Inc,Buy,5/7/2019,32500,Com,49.41,656,45.66,63.49,156.52,-7.59,28.50,216.78
Tomasz Malinowski,NJ,Congress,Democratic,FIVN,FIVN US,US,Five9 Inc,Buy,5/6/2019,8000,Com,51,156,55.5,55.46,96.02,8.82,8.75,88.27
Thomas Suozzi,NY,Congress,Democratic,REGN,REGN US,US,Regeneron Pharmaceuticals Inc,Buy,5/2/2019,75000,Com,335.41,222,304.76,310.46,525.5,-9.14,-7.44,56.67
Donna Shalala,FL,Congress,Democratic,BERY,BERY US,US,Berry Global Group Inc,Buy,4/30/2019,8000,Com,58.8,136,55.19,42.7,40.69,-6.14,-27.38,-30.80
Donna Shalala,FL,Congress,Democratic,FBC,FBC US,US,Flagstar Bancorp Inc,Buy,4/30/2019,8000,Com,35.75,222,34.89,37.6,27.24,-2.41,5.17,-23.80
Donna Shalala,FL,Congress,Democratic,MED,MED US,US,Medifast Inc,Buy,4/30/2019,8000,Com,146.69,54,112.97,107.8,79,-22.99,-26.51,-46.14
Donna Shalala,FL,Congress,Democratic,MGPI,MGPI US,US,MGP Ingredients Inc,Buy,4/30/2019,8000,Com NPV,87.87,90,68.04,48.75,40.99,-22.57,-44.52,-53.35
Donna Shalala,FL,Congress,Democratic,PCH,PCH US,US,Potlatchdeltic Corp,Buy,4/30/2019,8000,Com,38.66,206,38.5,43.01,36.73,-0.41,11.25,-4.99
Donna Shalala,FL,Congress,Democratic,PDCE,PDCE US,US,PDC Energy Inc,Buy,4/30/2019,8000,Com NPV,43.49,182,27.06,21.66,12.28,-37.78,-50.20,-71.76
Donna Shalala,FL,Congress,Democratic,REXR,REXR US,US,Rexford Industrial Realty Inc,Buy,4/30/2019,8000,Com,37.89,210,41.51,47.9,41.72,9.55,26.42,10.11
Donna Shalala,FL,Congress,Democratic,WH,WH US,US,Wyndham Hotels & Resorts Inc,Buy,4/30/2019,8000,Ord,55.72,142,57.09,53.25,40.47,2.46,-4.43,-27.37
Tomasz Malinowski,NJ,Congress,Democratic,QSR,QSR CN,CN,Restaurant Brands International Inc,Buy,4/30/2019,8000,Com NPV,65.24,122,74.88,65.86,51.11,14.78,0.95,-21.66
John Curtis,UT,Congress,Republican,AMZN,AMZN US,US,Amazon Com Inc,Buy,4/29/2019,8000,Com,1938.43,4,1912.45,1777.08,2314.08,-1.34,-8.32,19.38
John Curtis,UT,Congress,Republican,DOMO,DOMO US,US,Domo Inc,Buy,4/29/2019,8000,Com B,38.14,208,29.15,16.51,17.68,-23.57,-56.71,-53.64
Frederick Upton,MI,Congress,Republican,JAM,JAM LN,LN,JP Morgan American Investment Trust,Buy,4/25/2019,8000,Ord,455,16,483,460,419.5,6.15,1.10,-7.80
Cynthia Axne,IA,Congress,Democratic,BDX,BDX US,US,Becton Dickinson & Co,Buy,4/23/2019,16001,Com,228.04,70,252.51,254.1,266.76,10.73,11.43,16.98
Cynthia Axne,IA,Congress,Democratic,MKL,MKL US,US,Markel Corp,Buy,4/23/2019,8000,Com NPV,1027.19,6,1080.02,1153.05,879.04,5.14,12.25,-14.42
Tomasz Malinowski,NJ,Congress,Democratic,TSLA,TSLA US,US,Tesla Inc,Buy,4/23/2019,8000,Com,52.78,150,51.14,50.7,146.42,-3.11,-3.94,177.42
Donna Shalala,FL,Congress,Democratic,VRTX,VRTX US,US,Vertex Pharmaceutical Inc,Buy,4/18/2019,8000,Com,168.16,46,177.14,176.14,270.46,5.34,4.75,60.83
Thomas Carper,DE,Senate,Democratic,SWKS,SWKS US,US,Skyworks Solutions Inc,Buy,4/17/2019,8000,Com,91.18,86,81.31,84.98,95.01,-10.82,-6.80,4.20
Donna Shalala,FL,Congress,Democratic,AMBA,AMBA US,US,Ambarella Inc,Buy,4/16/2019,8000,Com,49.32,162,46.28,53.06,47.96,-6.16,7.58,-2.76
Donna Shalala,FL,Congress,Democratic,AXGN,AXGN US,US,Axogen Inc,Buy,4/16/2019,8000,Com,22.1,360,19.7,11.65,7.83,-10.86,-47.29,-64.57
Donna Shalala,FL,Congress,Democratic,BKU,BKU US,US,Bankunited Inc,Buy,4/16/2019,8000,Com,35.77,222,32.01,32.92,17.59,-10.51,-7.97,-50.82
Donna Shalala,FL,Congress,Democratic,BURL,BURL US,US,Burlington Stores Inc,Buy,4/16/2019,8000,Com,160.56,48,179.34,200.41,173.48,11.70,24.82,8.05
Donna Shalala,FL,Congress,Democratic,H,H US,US,Hyatt Hotels Corp,Buy,4/16/2019,8000,Com A,76.63,104,78.18,70.33,54.1,2.02,-8.22,-29.40
Donna Shalala,FL,Congress,Democratic,PDCE,PDCE US,US,PDC Energy Inc,Buy,4/16/2019,8000,Com NPV,44.85,178,30.14,24.25,9.02,-32.80,-45.93,-79.89
Donna Shalala,FL,Congress,Democratic,PDM,PDM US,US,Piedmont Office Realty Trust Inc,Buy,4/16/2019,8000,Com,20.5,390,20.22,20.42,17.91,-1.37,-0.39,-12.63
Donna Shalala,FL,Congress,Democratic,PLCE,PLCE US,US,Children's Place Inc,Buy,4/16/2019,8000,Com,107.95,74,96.85,74.83,26.43,-10.28,-30.68,-75.52
Donna Shalala,FL,Congress,Democratic,PLNT,PLNT US,US,Planet Fitness Inc,Buy,4/16/2019,8000,Com A,73.55,108,77.19,60.77,52,4.95,-17.38,-29.30
Donna Shalala,FL,Congress,Democratic,RDUS,RDUS US,US,Radius Health Inc,Buy,4/16/2019,8000,Com,22.75,350,22,25.05,13.06,-3.30,10.11,-42.59
Donna Shalala,FL,Congress,Democratic,TOL,TOL US,US,Toll Brothers Inc,Buy,4/16/2019,8000,Com,38.34,208,36.42,39.25,21.37,-5.01,2.37,-44.26
Thomas Suozzi,NY,Congress,Democratic,CI,CI US,US,Cigna Corp,Buy,4/12/2019,75000,Com,160.6,466,175.34,149.59,177.48,9.18,-6.86,10.51
Carol Miller,WV,Congress,Republican,CVS,CVS US,US,CVS Health Corp,Buy,4/11/2019,32500,Com,52.69,616,55.38,60.38,58.96,5.11,14.59,11.90
Cynthia Axne,IA,Congress,Democratic,MKL,MKL US,US,Markel Corp,Buy,4/11/2019,24001,Com NPV,985.78,24,1121.62,1145.28,943.99,13.78,16.18,-4.24
Donna Shalala,FL,Congress,Democratic,TSM,2330 TT,TT,Taiwan Semiconductor Manufacturing,Buy,4/11/2019,8000,DR,42.1,190,40.71,47.86,48.75,-3.30,13.68,15.80
Donna Shalala,FL,Congress,Democratic,RIO,RIO LN,LN,Rio Tinto,Buy,4/11/2019,8000,Ord,62.06,128,61.39,49.24,47.87,-1.08,-20.66,-22.86
Donna Shalala,FL,Congress,Democratic,SAP,SAP GR,GR,SAP Se,Buy,4/11/2019,8000,Ord NPV,112.33,70,137.66,112.9,122.38,22.55,0.51,8.95
Donna Shalala,FL,Congress,Democratic,RIO,RIO LN,LN,Rio Tinto,Buy,4/10/2019,8000,Ord,62.4,128,60.58,49.69,47.66,-2.92,-20.37,-23.62
Donna Shalala,FL,Congress,Democratic,SGSN,SGSN SW,SW,SGS Sa,Buy,4/8/2019,8000,Ord,2550,2,2486,2403,2248,-2.51,-5.76,-11.84
Tomasz Malinowski,NJ,Congress,Democratic,VIOT,VIOT US,US,Viomi Technology Co Ltd,Buy,4/8/2019,8000,DR,11.25,710,9.05,7.89,4.98,-19.56,-29.87,-55.73
Donna Shalala,FL,Congress,Democratic,BBVA,BBVA SM,SM,Banco Bilbao Vizcaya Argentaria Sa,Buy,4/5/2019,8000,Ord,6.2,1290,5.68,4.98,3.14,-8.39,-19.68,-49.35
Donna Shalala,FL,Congress,Democratic,SGSN,SGSN SW,SW,SGS Sa,Buy,4/5/2019,8000,Ord,2560,2,2514,2386,2228,-1.80,-6.80,-12.97
Tomasz Malinowski,NJ,Congress,Democratic,TSLA,TSLA US,US,Tesla Inc,Buy,4/4/2019,32500,Com,53.56,606,46.98,48.94,96,-12.29,-8.63,79.24
Donna Shalala,FL,Congress,Democratic,AIV,AIV US,US,Apartment Investment & Management Co,Buy,4/3/2019,8000,Com A,6.78,1178,6.76,6.95,4.16,-0.29,2.51,-38.64
Donna Shalala,FL,Congress,Democratic,FIVE,FIVE US,US,Five Below Inc,Buy,4/3/2019,8000,Ord,122.88,64,122.18,126.1,64.35,-0.57,2.62,-47.63
Donna Shalala,FL,Congress,Democratic,G,G US,US,Genpact Ltd,Buy,4/3/2019,8000,Com,35.69,224,38.43,38.75,27.08,7.68,8.57,-24.12
Donna Shalala,FL,Congress,Democratic,H,H US,US,Hyatt Hotels Corp,Buy,4/3/2019,8000,Com A,75.15,106,76.51,73.67,40.15,1.81,-1.97,-46.57
Donna Shalala,FL,Congress,Democratic,HE,HE US,US,Hawaiian Electric Industries Inc,Buy,4/3/2019,8000,Com NPV,40.52,196,43.82,45.61,41.24,8.14,12.56,1.78
Donna Shalala,FL,Congress,Democratic,HIW,HIW US,US,Highwoods Properties Inc,Buy,4/3/2019,8000,Com,46.8,170,42.97,44.94,31.12,-8.18,-3.97,-33.50
Donna Shalala,FL,Congress,Democratic,PLNT,PLNT US,US,Planet Fitness Inc,Buy,4/3/2019,8000,Com A,71.25,112,76.05,57.87,39.84,6.74,-18.78,-44.08
Donna Shalala,FL,Congress,Democratic,PNW,PNW US,US,Pinnacle West Capital Corp,Buy,4/3/2019,8000,Com,94.12,84,94.99,97.07,71.77,0.92,3.13,-23.75
Donna Shalala,FL,Congress,Democratic,RDUS,RDUS US,US,Radius Health Inc,Buy,4/3/2019,8000,Com,22.29,358,24.19,25.75,12.53,8.52,15.52,-43.79
Donna Shalala,FL,Congress,Democratic,WPC,WPC US,US,W. P. Carey Inc,Buy,4/3/2019,8000,Com,78.77,100,81.16,89.5,54.56,3.03,13.62,-30.74
Donna Shalala,FL,Congress,Democratic,ZEN,ZEN US,US,Zendesk Inc,Buy,4/3/2019,8000,Com,85.43,92,90.9,72.88,58.94,6.40,-14.69,-31.01
Tomasz Malinowski,NJ,Congress,Democratic,PLAY,PLAY US,US,Dave & Buster's Entertainment Inc,Buy,4/3/2019,8000,Com,52.95,150,39.31,38.95,10.05,-25.76,-26.44,-81.02
Dean Phillips,MN,Congress,Democratic,BLL,BLL US,US,Ball Corp,Buy,4/2/2019,8000,Com NPV,57.98,136,70.26,72.81,64.17,21.18,25.58,10.68
Dean Phillips,MN,Congress,Democratic,DXC,DXC US,US,DXC Technology Co,Buy,4/2/2019,8000,Com,64.19,124,55.94,29.5,11.96,-12.85,-54.04,-81.37
Tomasz Malinowski,NJ,Congress,Democratic,VIOT,VIOT US,US,Viomi Technology Co Ltd,Buy,4/2/2019,8000,DR,11.46,698,8.62,8.15,4.47,-24.78,-28.88,-60.99
Tomasz Malinowski,NJ,Congress,Democratic,CDNA,CDNA US,US,Caredx Inc,Buy,4/1/2019,8000,Com,31.15,256,35.87,22.61,21.83,15.15,-27.42,-29.92
Thomas Suozzi,NY,Congress,Democratic,MU,MU US,US,Micron Technology Inc,Buy,3/29/2019,32500,Com,41.33,786,38.07,49.47,44.52,-7.89,19.70,7.72
Donna Shalala,FL,Congress,Democratic,TWTR,TWTR US,US,Twitter Inc,Buy,3/28/2019,8000,Com,32.87,242,35.22,41.42,25.29,7.15,26.01,-23.06
Tomasz Malinowski,NJ,Congress,Democratic,ZUO,ZUO US,US,Zuora Inc,Buy,3/26/2019,8000,Com A,19.48,410,15.12,15.6,8.45,-22.38,-19.92,-56.62
David Joyce,OH,Congress,Republican,VCSH,VCSH US,US,Vanguard Short-Term Corporate Bond ETF,Buy,3/22/2019,32500,Stock Unit,79.63,408,80.63,80.72,75.53,1.26,1.37,-5.15
Tomasz Malinowski,NJ,Congress,Democratic,ZUO,ZUO US,US,Zuora Inc,Buy,3/22/2019,8000,Com A,20.91,382,15.71,15.49,8.01,-24.87,-25.92,-61.69
Cynthia Axne,IA,Congress,Democratic,DOW,DOW US,US,Dow Inc,Buy,3/21/2019,16001,Com,48.98,326,48.5,48,27.44,-0.98,-2.00,-43.98
Tomasz Malinowski,NJ,Congress,Democratic,YEXT,YEXT US,US,Yext Inc,Buy,3/21/2019,8000,Com,22.12,360,20.6,17.92,10.83,-6.87,-18.99,-51.04
Tomasz Malinowski,NJ,Congress,Democratic,DOMO,DOMO US,US,Domo Inc,Buy,3/20/2019,32500,Com B,43.43,748,30.39,17.56,9.16,-30.03,-59.57,-78.91
Donna Shalala,FL,Congress,Democratic,APLE,APLE US,US,Apple Hospitality Reit Inc,Buy,3/19/2019,8000,Ord,16.37,488,15.95,16.34,4.84,-2.57,-0.18,-70.43
Donna Shalala,FL,Congress,Democratic,AVY,AVY US,US,Avery Dennison Corp,Buy,3/19/2019,8000,Com,112.27,70,110.12,112.94,105.46,-1.92,0.60,-6.07
Donna Shalala,FL,Congress,Democratic,DOMO,DOMO US,US,Domo Inc,Buy,3/19/2019,8000,Com B,44.01,180,30.62,17.56,9.01,-30.42,-60.10,-79.53
Donna Shalala,FL,Congress,Democratic,G,G US,US,Genpact Ltd,Buy,3/19/2019,8000,Com,34.09,234,37.15,39.4,22.65,8.98,15.58,-33.56
Donna Shalala,FL,Congress,Democratic,PLNT,PLNT US,US,Planet Fitness Inc,Buy,3/19/2019,8000,Com A,68.07,116,80.9,62.24,27.54,18.85,-8.56,-59.54
Donna Shalala,FL,Congress,Democratic,PNW,PNW US,US,Pinnacle West Capital Corp,Buy,3/19/2019,8000,Com,94.33,84,97.02,93.49,65.57,2.85,-0.89,-30.49
Donna Shalala,FL,Congress,Democratic,SRC,SRC US,US,Spirit Realty Capital Inc,Buy,3/19/2019,8000,Com,37,216,44.79,47.25,20.47,21.05,27.70,-44.68
Donna Shalala,FL,Congress,Democratic,ABEV3,ABEV3 BZ,BZ,Ambev S.A.,Buy,3/15/2019,8000,Com NPV,16.76,476,17.85,18.91,11.03,6.50,12.83,-34.19
Cynthia Axne,IA,Congress,Democratic,JPM,JPM US,US,JP Morgan Chase & Co,Buy,3/13/2019,24001,Com,104.39,228,110.68,115.4,88.05,6.03,10.55,-15.65
Donna Shalala,FL,Congress,Democratic,ALLE,ALLE US,US,Allegion Plc,Buy,3/6/2019,8000,Com,89.44,88,100.42,95.33,122.65,12.28,6.59,37.13
Donna Shalala,FL,Congress,Democratic,AOS,AOS US,US,Smith(A.O.)Corp,Buy,3/6/2019,8000,Com,51.87,154,43.16,45.6,41.63,-16.79,-12.09,-19.74
Donna Shalala,FL,Congress,Democratic,AVY,AVY US,US,Avery Dennison Corp,Buy,3/6/2019,32500,Com,107.98,300,107.69,112.66,119.12,-0.27,4.33,10.32
Donna Shalala,FL,Congress,Democratic,BKU,BKU US,US,Bankunited Inc,Buy,3/6/2019,8000,Com,35.63,224,34.3,31.03,28.53,-3.73,-12.91,-19.93
Donna Shalala,FL,Congress,Democratic,EDIT,EDIT US,US,Editas Medicine Inc,Buy,3/6/2019,8000,Com,22.63,352,20.83,23.85,25.15,-7.95,5.39,11.14
Donna Shalala,FL,Congress,Democratic,ESNT,ESNT US,US,Essent Group Ltd,Buy,3/6/2019,8000,Com,43.62,182,47.4,48.41,46.26,8.67,10.98,6.05
Donna Shalala,FL,Congress,Democratic,FNB,FNB US,US,Fnb Corp pa,Buy,3/6/2019,8000,Com,11.88,672,11.48,10.41,9.92,-3.37,-12.37,-16.50
Donna Shalala,FL,Congress,Democratic,TER,TER US,US,Teradyne Inc,Buy,3/6/2019,8000,Com,39.94,200,44.32,52.21,60.62,10.97,30.72,51.78
Donna Shalala,FL,Congress,Democratic,WAFD,WAFD US,US,Washington Federal Inc,Buy,3/6/2019,8000,Com,30.25,264,32.57,34.84,30.73,7.67,15.17,1.59
Donna Shalala,FL,Congress,Democratic,XENT,XENT US,US,Intersect Ent Inc,Buy,3/6/2019,8000,Com,33.8,236,23.02,16.56,24.33,-31.89,-51.01,-28.02
Tomasz Malinowski,NJ,Congress,Democratic,DOMO,DOMO US,US,Domo Inc,Buy,3/6/2019,32500,Com B,31.19,1042,31.92,24.24,18.98,2.34,-22.28,-39.15
Thomas Suozzi,NY,Congress,Democratic,CAT,CAT US,US,Caterpillar Inc,Buy,3/5/2019,32500,Com,137.14,236,120.65,117.03,127.4,-12.02,-14.66,-7.10
Thomas Suozzi,NY,Congress,Democratic,TXN,TXN US,US,Texas Instruments Inc,Buy,3/5/2019,8000,Com,106.57,74,105.17,121.74,119.05,-1.31,14.23,11.71
David Joyce,OH,Congress,Republican,IEFA,IEFA US,US,Ishares Core MSCI EAFE ETF,Buy,3/4/2019,32500,Stock Unit,60.38,538,59.61,59.06,58.74,-1.28,-2.19,-2.72
David Joyce,OH,Congress,Republican,IJH,IJH US,US,iShares Core S&P Mid-Cap ETF,Buy,3/4/2019,32500,Stock Unit,191.72,168,182.33,185.86,183.48,-4.90,-3.06,-4.30
David Joyce,OH,Congress,Republican,IJR,IJR US,US,IShares Core S&P Small-Cap ETF,Buy,3/4/2019,32500,Stock Unit,79.65,408,73.55,74.54,73.08,-7.66,-6.42,-8.25
David Joyce,OH,Congress,Republican,IVV,IVV US,US,iShares Core S&P 500 ETF,Buy,3/4/2019,8000,Unit,281.16,28,276.38,292.41,301.5,-1.70,4.00,7.23
Tomasz Malinowski,NJ,Congress,Democratic,EQIX,EQIX US,US,Equinix Inc,Buy,3/1/2019,8000,Com NPV,432.79,18,487.31,553.53,618.88,12.60,27.90,43.00
Thomas Carper,DE,Senate,Democratic,WW,WW US,US,WW International Inc,Buy,2/27/2019,8000,Com NPV,19.37,412,18.04,28.88,31.46,-6.87,49.10,62.42
Tomasz Malinowski,NJ,Congress,Democratic,EQIX,EQIX US,US,Equinix Inc,Buy,2/27/2019,8000,Com NPV,418.15,18,491.23,558.68,597.49,17.48,33.61,42.89
Thomas Suozzi,NY,Congress,Democratic,WY,WY US,US,Weyerhaeuser Co,Buy,2/25/2019,32500,Com,25.86,1256,22.58,25.45,28.07,-12.68,-1.59,8.55
Thomas Suozzi,NY,Congress,Democratic,WY,WY US,US,Weyerhaeuser Co,Buy,2/21/2019,8000,Com,25.74,310,23.13,25.03,30.73,-10.14,-2.76,19.39
Donna Shalala,FL,Congress,Democratic,ALLE,ALLE US,US,Allegion Plc,Buy,2/20/2019,8000,Com,87.95,90,101.48,96.55,129.85,15.38,9.78,47.64
Donna Shalala,FL,Congress,Democratic,AOS,AOS US,US,Smith(A.O.)Corp,Buy,2/20/2019,8000,Com,52.47,152,44.6,46.6,44.52,-15.00,-11.19,-15.15
Donna Shalala,FL,Congress,Democratic,APLE,APLE US,US,Apple Hospitality Reit Inc,Buy,2/20/2019,8000,Ord,16.7,478,16.37,15.84,15.12,-1.98,-5.15,-9.46
Donna Shalala,FL,Congress,Democratic,CATY,CATY US,US,Cathay General Bancorp,Buy,2/20/2019,8000,Com,40.03,198,36.48,34.32,36.73,-8.87,-14.26,-8.24
Donna Shalala,FL,Congress,Democratic,SPR,SPR US,US,Spirit Aerosystems Holdings Inc,Buy,2/20/2019,8000,Com A,97.98,80,84.77,73.74,65.03,-13.48,-24.74,-33.63
Frederick Upton,MI,Congress,Republican,FB,FB US,US,Facebook Inc,Buy,2/19/2019,8000,Com A,162.29,48,182.72,186.17,217.49,12.59,14.71,34.01
Tomasz Malinowski,NJ,Congress,Democratic,YEXT,YEXT US,US,Yext Inc,Buy,2/19/2019,32500,Com,18.25,1780,21.2,18.93,16.92,16.16,3.73,-7.29
Donna Shalala,FL,Congress,Democratic,TSM,2330 TT,TT,Taiwan Semiconductor Manufacturing,Buy,2/15/2019,8000,DR,38.09,210,41.53,40.43,56.18,9.03,6.14,47.49
Donna Shalala,FL,Congress,Democratic,ALV,ALV GR,GR,Allianz SE,Buy,2/15/2019,8000,Ord NPV,78.23,102,70.39,65.02,77.37,-10.02,-16.89,-1.10
Donna Shalala,FL,Congress,Democratic,BIDU,BIDU US,US,Baidu Inc,Buy,2/15/2019,8000,DR,170.06,46,153.7,94.85,134.18,-9.62,-44.23,-21.10
Donna Shalala,FL,Congress,Democratic,CHKP,CHKP US,US,Check Point Software Technologies,Buy,2/15/2019,8000,Ord,120.1,66,119.12,107.51,116.4,-0.82,-10.48,-3.08
Donna Shalala,FL,Congress,Democratic,D05,D05 SP,SP,DBS Group Holdings Ltd,Buy,2/15/2019,8000,Ord,24.9,320,20.79,31.66,50.5,-16.51,27.15,102.81
Donna Shalala,FL,Congress,Democratic,DBD,DBD US,US,Diebold Nixdorf Inc ,Buy,2/15/2019,8000,Com,8.03,996,9.96,12.84,8.57,24.03,59.90,6.72
Donna Shalala,FL,Congress,Democratic,DGE,DGE LN,LN,Diageo,Buy,2/15/2019,8000,Ord,964.57,8,900.33,819.66,1013.65,-6.66,-15.02,5.09
Donna Shalala,FL,Congress,Democratic,FLR,FLR US,US,Fluor Corp,Buy,2/15/2019,8000,Com,36.31,220,29.5,17.55,14.79,-18.76,-51.67,-59.27
Donna Shalala,FL,Congress,Democratic,ITUB3,ITUB3 BZ,BZ,Itau Unibanco Holding SA,Buy,2/15/2019,8000,DR,32.61,244,27.44,30.4,30.35,-15.85,-6.78,-6.93
Donna Shalala,FL,Congress,Democratic,JCI,JCI US,US,Johnson Controls International Plc,Buy,2/15/2019,8000,Com,35.1,226,39.18,41.51,41.99,11.62,18.26,19.63
Donna Shalala,FL,Congress,Democratic,NESN,NESN SW,SW,Nestlé SA,Buy,2/15/2019,8000,Ord B,89.1,88,100.42,106.06,107.86,12.70,19.03,21.05
Donna Shalala,FL,Congress,Democratic,NOV,NOV US,US,Nov Inc,Buy,2/15/2019,8000,Com,29.81,268,24.75,18.74,22.85,-16.97,-37.14,-23.35
Donna Shalala,FL,Congress,Democratic,PCH,PCH US,US,Potlatchdeltic Corp,Buy,2/15/2019,8000,Com,35.47,224,38.05,36.04,41.87,7.27,1.61,18.04
Donna Shalala,FL,Congress,Democratic,RDSA,RDSA LN,LN,Royal Dutch Shell,Buy,2/15/2019,8000,Ord B,2424,2,2521.5,2344.5,1933.4,4.02,-3.28,-20.24
Donna Shalala,FL,Congress,Democratic,ROG,ROG SW,SW,Roche Holding Ag,Buy,2/15/2019,8000,Ord,136.05,58,172.86,132.59,111.86,27.06,-2.54,-17.78
Donna Shalala,FL,Congress,Democratic,SAP,SAP GR,GR,SAP Se,Buy,2/15/2019,8000,Ord NPV,106.82,74,129.11,116.87,137.76,20.87,9.41,28.96
Tomasz Malinowski,NJ,Congress,Democratic,YEXT,YEXT US,US,Yext Inc,Buy,2/15/2019,32500,Com,18,1804,21.45,19.23,16.45,19.17,6.83,-8.61
Cynthia Axne,IA,Congress,Democratic,CVET,CVET US,US,Covetrus Inc,Buy,2/8/2019,8000,Com,41.01,194,29.89,23.41,13,-27.12,-42.92,-68.30
John Curtis,UT,Congress,Republican,DOMO,DOMO US,US,Domo Inc,Buy,2/8/2019,8000,Com B,29.61,270,36.39,25.39,24.07,22.90,-14.25,-18.71
Tomasz Malinowski,NJ,Congress,Democratic,SU,SU CN,CN,Suncor Energy Inc,Buy,2/8/2019,8000,Com NPV,32.24,248,32.34,28.11,29.35,0.31,-12.81,-8.96
Cynthia Axne,IA,Congress,Democratic,CVET,CVET US,US,Covetrus Inc,Buy,2/6/2019,16001,Com,46.19,346,32.17,23.32,13.24,-30.35,-49.51,-71.34
Donna Shalala,FL,Congress,Democratic,ALLE,ALLE US,US,Allegion Plc,Buy,2/6/2019,8000,Com,89.64,88,99.36,99.68,132.41,10.84,11.20,47.71
Donna Shalala,FL,Congress,Democratic,AVY,AVY US,US,Avery Dennison Corp,Buy,2/6/2019,8000,Com,104.1,76,106.83,108.34,138.89,2.62,4.07,33.42
Donna Shalala,FL,Congress,Democratic,CCS,CCS US,US,Century Communities Inc,Buy,2/6/2019,8000,Com,23.69,336,27.91,25.94,31.84,17.81,9.50,34.40
Donna Shalala,FL,Congress,Democratic,EXEL,EXEL US,US,Exelixis Inc,Buy,2/6/2019,8000,Com,22.6,352,20.31,19.77,18.63,-10.13,-12.52,-17.57
Donna Shalala,FL,Congress,Democratic,HIW,HIW US,US,Highwoods Properties Inc,Buy,2/6/2019,8000,Com,45.57,174,44.46,43.54,51.97,-2.44,-4.45,14.04
Donna Shalala,FL,Congress,Democratic,PATK,PATK US,US,Patrick Industries Inc,Buy,2/6/2019,8000,Com NPV,39.96,200,47.28,42.65,55.35,18.32,6.73,38.51
Donna Shalala,FL,Congress,Democratic,PBCT,PBCT US,US,People's United Financial Inc,Buy,2/6/2019,16001,Com,16.73,956,17.2,15.06,16.11,2.81,-9.98,-3.71
Donna Shalala,FL,Congress,Democratic,SPR,SPR US,US,Spirit Aerosystems Holdings Inc,Buy,2/6/2019,8000,Com A,91.99,86,84.53,72.8,70.07,-8.11,-20.86,-23.83
Donna Shalala,FL,Congress,Democratic,BK,BK US,US,Bank Of New York Mellon Corp,Buy,2/5/2019,8000,Com,52.62,152,49.33,45.06,46.98,-6.25,-14.37,-10.72
Donna Shalala,FL,Congress,Democratic,HPQ,HPQ US,US,HP Inc,Buy,2/5/2019,8000,Com,22.8,350,20.09,19.16,21.78,-11.89,-15.96,-4.47
Donna Shalala,FL,Congress,Democratic,LMT,LMT US,US,Lockheed Martin Corp,Buy,2/5/2019,8000,Com,299.46,26,335.72,358.43,435.19,12.11,19.69,45.32
Donna Shalala,FL,Congress,Democratic,WFC,WFC US,US,Wells Fargo & Co,Buy,2/5/2019,8000,Com,49.27,162,48.43,46.14,48.31,-1.70,-6.35,-1.95
Cynthia Axne,IA,Congress,Democratic,JEF,JEF US,US,Jefferies Financial Group Inc,Buy,2/4/2019,8000,Com,19.55,408,19.15,18.04,22.51,-2.05,-7.72,15.14
Carol Miller,WV,Congress,Republican,BATS,BATS LN,LN,British American Tobacco,Buy,2/1/2019,32500,Ord,2710,10,2880,2952,3391,6.27,8.93,25.13
Carol Miller,WV,Congress,Republican,KHC,KHC US,US,Kraft Heinz Co,Buy,2/1/2019,8000,Com,47.76,166,32.18,32.01,29.15,-32.62,-32.98,-38.97
Tomasz Malinowski,NJ,Congress,Democratic,IRBT,IRBT US,US,Irobot Corp,Buy,2/1/2019,32500,Com,89.01,364,103.86,73.1,46.91,16.68,-17.87,-47.30
Tomasz Malinowski,NJ,Congress,Democratic,CCL,CCL US,US,Carnival Corp,Buy,1/31/2019,32500,Com,57.58,564,55.82,47.38,43.53,-3.06,-17.71,-24.40
Tomasz Malinowski,NJ,Congress,Democratic,EQIX,EQIX US,US,Equinix Inc,Buy,1/30/2019,8000,Com NPV,383.01,20,454.7,486.58,603,18.72,27.04,57.44
Donna Shalala,FL,Congress,Democratic,ADS,ADS GR,GR,Adidas AG,Buy,1/29/2019,8000,Ord NPV,141.83,56,126.08,125.67,87.49,-11.10,-11.39,-38.31
Donna Shalala,FL,Congress,Democratic,ROG,ROG SW,SW,Roche Holding Ag,Buy,1/29/2019,8000,Ord,121.25,64,165.36,161.9,122.55,36.38,33.53,1.07
Thomas Suozzi,NY,Congress,Democratic,AMD,AMD US,US,Advanced Micro Devices Inc,Buy,1/29/2019,32500,Com,19.25,1688,27.69,33.48,47.51,43.84,73.92,146.81
Tomasz Malinowski,NJ,Congress,Democratic,EQIX,EQIX US,US,Equinix Inc,Buy,1/28/2019,8000,Com NPV,377.11,20,448.81,486.58,602.57,19.01,29.03,59.79
Tomasz Malinowski,NJ,Congress,Democratic,ZUO,ZUO US,US,Zuora Inc,Buy,1/27/2019,8000,Com A,21.13,378,22.11,15.55,15.01,4.64,-26.41,-28.96
Tomasz Malinowski,NJ,Congress,Democratic,CSLT,CSLT US,US,Castlight Health Inc,Buy,1/25/2019,8000,Com B,2.61,3064,3.7,2.87,1.28,41.76,9.96,-50.96
Thomas Suozzi,NY,Congress,Democratic,INTC,INTC US,US,Intel Corp,Buy,1/24/2019,8000,Com,49.76,160,58.72,51.75,68.47,18.01,4.00,37.60
Donna Shalala,FL,Congress,Democratic,AMD,AMD US,US,Advanced Micro Devices Inc,Buy,1/23/2019,8000,Com,19.8,404,27.97,32.85,51.71,41.26,65.91,161.16
Donna Shalala,FL,Congress,Democratic,PBYI,PBYI US,US,Puma Biotechnology Inc,Buy,1/23/2019,8000,Com,24.56,324,34.73,10.02,8.82,41.41,-59.20,-64.09
Donna Shalala,FL,Congress,Democratic,PNR,PNR US,US,Pentair Plc,Buy,1/23/2019,8000,Com,40.24,198,38.07,37.6,46.78,-5.39,-6.56,16.25
Donna Shalala,FL,Congress,Democratic,RCII,RCII US,US,Rent A Center Inc De,Buy,1/23/2019,8000,Com,17.23,464,23.34,26.38,30.19,35.46,53.11,75.22
Donna Shalala,FL,Congress,Democratic,TCMD,TCMD US,US,Tactile Systems Technology Inc,Buy,1/23/2019,8000,Com,64.21,124,48.8,52.62,58.27,-24.00,-18.05,-9.25
Donna Shalala,FL,Congress,Democratic,TOL,TOL US,US,Toll Brothers Inc,Buy,1/23/2019,8000,Com,34.83,228,38.61,35.46,46.29,10.85,1.81,32.90
Tomasz Malinowski,NJ,Congress,Democratic,SPG,SPG US,US,Simon Property Group Inc,Buy,1/23/2019,8000,Com,174.17,44,176.61,155.13,147.25,1.40,-10.93,-15.46
Cynthia Axne,IA,Congress,Democratic,FB,FB US,US,Facebook Inc,Buy,1/18/2019,16001,Com A,150.04,106,178.28,201.8,221.44,18.82,34.50,47.59
Tomasz Malinowski,NJ,Congress,Democratic,FRT,FRT US,US,Federal Realty Investment Trust,Buy,1/18/2019,32500,Com NPV,125.91,258,132.2,130.51,130.88,5.00,3.65,3.95
Tomasz Malinowski,NJ,Congress,Democratic,CSLT,CSLT US,US,Castlight Health Inc,Buy,1/15/2019,8000,Com B,2.47,3238,3.67,3.17,1.54,48.58,28.34,-37.65
Thomas Suozzi,NY,Congress,Democratic,NVDA,NVDA US,US,NVIDIA Corp,Buy,1/14/2019,32500,Com,37.61,864,46.18,41.82,61.82,22.79,11.19,64.37
David Joyce,OH,Congress,Republican,VGT,VGT US,US,Vanguard Information Technology ETF,Buy,1/10/2019,8000,Stock Unit,171.95,46,207.12,215.03,252.38,20.45,25.05,46.78
Donna Shalala,FL,Congress,Democratic,ABM,ABM US,US,Abm Industries Inc,Buy,1/9/2019,8000,Com,34.92,228,36.49,40.68,38.72,4.50,16.49,10.88
Donna Shalala,FL,Congress,Democratic,ARI,ARI US,US,Apollo Commercial Real Estate Finance Inc,Buy,1/9/2019,8000,Com,17.5,456,18.31,18.44,18.13,4.63,5.37,3.60
Donna Shalala,FL,Congress,Democratic,EXEL,EXEL US,US,Exelixis Inc,Buy,1/9/2019,8000,Com,23.67,336,24.03,20.45,18.63,1.52,-13.60,-21.29
Donna Shalala,FL,Congress,Democratic,HCSG,HCSG US,US,Healthcare Services Group Inc,Buy,1/9/2019,8000,Com,42.39,188,33.34,29.96,25.57,-21.35,-29.32,-39.68
Donna Shalala,FL,Congress,Democratic,HL,HL US,US,Hecla Mining Co,Buy,1/9/2019,8000,Com,2.93,2730,2.4,1.64,3.07,-18.09,-44.03,4.78
Donna Shalala,FL,Congress,Democratic,OXM,OXM US,US,Oxford Industries Inc,Buy,1/9/2019,8000,Com,76.47,104,77.41,73,72.42,1.23,-4.54,-5.30
Donna Shalala,FL,Congress,Democratic,TMHC,TMHC US,US,Taylor Morrison Home Corp,Buy,1/9/2019,8000,Com,18.63,428,18.51,21.27,23.27,-0.64,14.17,24.91
Donna Shalala,FL,Congress,Democratic,UMPQ,UMPQ US,US,Umpqua Holdings Corp,Buy,1/9/2019,8000,Com,17.84,448,17.21,16.8,18.07,-3.53,-5.83,1.29
Donna Shalala,FL,Congress,Democratic,VCRA,VCRA US,US,Vocera Communications Inc,Buy,1/9/2019,8000,Com,41.63,192,30.72,30.98,20.55,-26.21,-25.58,-50.64
Grace Meng,NY,Congress,Democratic,LHX,LHX US,US,L3Harris Technologies Inc,Buy,1/7/2019,8000,Com,133.79,58,164.01,184.68,212.73,22.59,38.04,59.00
Thomas Suozzi,NY,Congress,Democratic,NEE,NEE US,US,Nextera Energy Inc,Buy,1/7/2019,8000,Com,43.07,184,47.16,52.28,60.33,9.50,21.38,40.07
Tomasz Malinowski,NJ,Congress,Democratic,EPD,EPD US,US,Enterprise Products Partners LP,Buy,1/7/2019,32500,Stock Unit,27.12,1198,29.47,29.37,28.72,8.67,8.30,5.90
Tomasz Malinowski,NJ,Congress,Democratic,NVGS,NVGS US,US,Navigator Holdings Ltd,Buy,1/3/2019,8000,Ord,9.54,838,11.3,9.76,13.61,18.45,2.31,42.66
,,,,,,,,,,,,,,,,,,,
,,,,,,,,,,,,,,,,,,,
,,,,,,,,,,,,,,,,,,,
,,,,,,,,,,,,,,,,,,,
,,,,,,,,,,,,,,,,,,,
,,,,,,,,,,,,,,,,,,,
,,,,,,,,,,,,,,,,,,,
,,,,,,,,,,,,,,,,,,,
,,,,,,,,,,,,,,,,,,,
,,,,,,,,,,,,,,,,,,,
,,,,,,,,,,,,,,,,,,,
,,,,,,,,,,,,,,,,,,,
,,,,,,,,,,,,,,,,,,,
,,,,,,,,,,,,,,,,,,,
,,,,,,,,,,,,,,,,,,,
,,,,,,,,,,,,,,,,,,,
,,,,,,,,,,,,,,,,,,,
,,,,,,,,,,,,,,,,,,,
,,,,,,,,,,,,,,,,,,,
,,,,,,,,,,,,,,,,,,,
,,,,,,,,,,,,,,,,,,,
,,,,,,,,,,,,,,,,,,,
,,,,,,,,,,,,,,,,,,,
,,,,,,,,,,,,,,,,,,,
,,,,,,,,,,,,,,,,,,,
,,,,,,,,,,,,,,,,,,,
,,,,,,,,,,,,,,,,,,,
,,,,,,,,,,,,,,,,,,,
,,,,,,,,,,,,,,,,,,,
,,,,,,,,,,,,,,,,,,,
,,,,,,,,,,,,,,,,,,,
,,,,,,,,,,,,,,,,,,,
,,,,,,,,,,,,,,,,,,,
,,,,,,,,,,,,,,,,,,,
,,,,,,,,,,,,,,,,,,,
,,,,,,,,,,,,,,,,,,,
,,,,,,,,,,,,,,,,,,,
,,,,,,,,,,,,,,,,,,,
,,,,,,,,,,,,,,,,,,,
,,,,,,,,,,,,,,,,,,,
,,,,,,,,,,,,,,,,,,,
,,,,,,,,,,,,,,,,,,,
,,,,,,,,,,,,,,,,,,,
,,,,,,,,,,,,,,,,,,,
,,,,,,,,,,,,,,,,,,,
,,,,,,,,,,,,,,,,,,,
,,,,,,,,,,,,,,,,,,,
,,,,,,,,,,,,,,,,,,,
,,,,,,,,,,,,,,,,,,,
,,,,,,,,,,,,,,,,,,,
,,,,,,,,,,,,,,,,,,,
,,,,,,,,,,,,,,,,,,,
,,,,,,,,,,,,,,,,,,,
,,,,,,,,,,,,,,,,,,,
,,,,,,,,,,,,,,,,,,,
,,,,,,,,,,,,,,,,,,,
,,,,,,,,,,,,,,,,,,,
,,,,,,,,,,,,,,,,,,,
,,,,,,,,,,,,,,,,,,,
,,,,,,,,,,,,,,,,,,,
,,,,,,,,,,,,,,,,,,,
,,,,,,,,,,,,,,,,,,,
,,,,,,,,,,,,,,,,,,,
,,,,,,,,,,,,,,,,,,,
,,,,,,,,,,,,,,,,,,,
,,,,,,,,,,,,,,,,,,,
,,,,,,,,,,,,,,,,,,,
,,,,,,,,,,,,,,,,,,,
,,,,,,,,,,,,,,,,,,,
,,,,,,,,,,,,,,,,,,,
,,,,,,,,,,,,,,,,,,,
,,,,,,,,,,,,,,,,,,,
,,,,,,,,,,,,,,,,,,,
,,,,,,,,,,,,,,,,,,,
,,,,,,,,,,,,,,,,,,,
,,,,,,,,,,,,,,,,,,,
,,,,,,,,,,,,,,,,,,,
,,,,,,,,,,,,,,,,,,,
,,,,,,,,,,,,,,,,,,,
,,,,,,,,,,,,,,,,,,,
,,,,,,,,,,,,,,,,,,,
,,,,,,,,,,,,,,,,,,,
,,,,,,,,,,,,,,,,,,,
,,,,,,,,,,,,,,,,,,,
,,,,,,,,,,,,,,,,,,,
,,,,,,,,,,,,,,,,,,,
,,,,,,,,,,,,,,,,,,,
,,,,,,,,,,,,,,,,,,,
,,,,,,,,,,,,,,,,,,,
,,,,,,,,,,,,,,,,,,,
,,,,,,,,,,,,,,,,,,,
,,,,,,,,,,,,,,,,,,,
,,,,,,,,,,,,,,,,,,,
,,,,,,,,,,,,,,,,,,,
,,,,,,,,,,,,,,,,,,,
,,,,,,,,,,,,,,,,,,,
,,,,,,,,,,,,,,,,,,,
,,,,,,,,,,,,,,,,,,,
,,,,,,,,,,,,,,,,,,,
,,,,,,,,,,,,,,,,,,,
,,,,,,,,,,,,,,,,,,,
,,,,,,,,,,,,,,,,,,,
,,,,,,,,,,,,,,,,,,,
,,,,,,,,,,,,,,,,,,,
,,,,,,,,,,,,,,,,,,,
,,,,,,,,,,,,,,,,,,,
,,,,,,,,,,,,,,,,,,,
,,,,,,,,,,,,,,,,,,,
,,,,,,,,,,,,,,,,,,,
,,,,,,,,,,,,,,,,,,,
,,,,,,,,,,,,,,,,,,,
,,,,,,,,,,,,,,,,,,,
,,,,,,,,,,,,,,,,,,,
,,,,,,,,,,,,,,,,,,,
,,,,,,,,,,,,,,,,,,,
,,,,,,,,,,,,,,,,,,,
,,,,,,,,,,,,,,,,,,,
,,,,,,,,,,,,,,,,,,,
,,,,,,,,,,,,,,,,,,,
,,,,,,,,,,,,,,,,,,,
,,,,,,,,,,,,,,,,,,,
,,,,,,,,,,,,,,,,,,,
,,,,,,,,,,,,,,,,,,,
,,,,,,,,,,,,,,,,,,,
,,,,,,,,,,,,,,,,,,,
,,,,,,,,,,,,,,,,,,,
,,,,,,,,,,,,,,,,,,,
,,,,,,,,,,,,,,,,,,,
,,,,,,,,,,,,,,,,,,,
,,,,,,,,,,,,,,,,,,,
,,,,,,,,,,,,,,,,,,,
,,,,,,,,,,,,,,,,,,,
,,,,,,,,,,,,,,,,,,,
,,,,,,,,,,,,,,,,,,,
,,,,,,,,,,,,,,,,,,,
,,,,,,,,,,,,,,,,,,,
,,,,,,,,,,,,,,,,,,,
,,,,,,,,,,,,,,,,,,,
,,,,,,,,,,,,,,,,,,,
,,,,,,,,,,,,,,,,,,,
,,,,,,,,,,,,,,,,,,,
,,,,,,,,,,,,,,,,,,,
,,,,,,,,,,,,,,,,,,,
,,,,,,,,,,,,,,,,,,,
,,,,,,,,,,,,,,,,,,,
,,,,,,,,,,,,,,,,,,,
,,,,,,,,,,,,,,,,,,,
,,,,,,,,,,,,,,,,,,,
,,,,,,,,,,,,,,,,,,,
,,,,,,,,,,,,,,,,,,,
,,,,,,,,,,,,,,,,,,,
,,,,,,,,,,,,,,,,,,,
,,,,,,,,,,,,,,,,,,,
,,,,,,,,,,,,,,,,,,,
,,,,,,,,,,,,,,,,,,,
,,,,,,,,,,,,,,,,,,,
,,,,,,,,,,,,,,,,,,,
,,,,,,,,,,,,,,,,,,,
,,,,,,,,,,,,,,,,,,,
,,,,,,,,,,,,,,,,,,,
,,,,,,,,,,,,,,,,,,,
,,,,,,,,,,,,,,,,,,,
,,,,,,,,,,,,,,,,,,,
,,,,,,,,,,,,,,,,,,,
,,,,,,,,,,,,,,,,,,,
,,,,,,,,,,,,,,,,,,,
,,,,,,,,,,,,,,,,,,,
,,,,,,,,,,,,,,,,,,,
,,,,,,,,,,,,,,,,,,,
,,,,,,,,,,,,,,,,,,,
,,,,,,,,,,,,,,,,,,,
,,,,,,,,,,,,,,,,,,,
,,,,,,,,,,,,,,,,,,,
,,,,,,,,,,,,,,,,,,,
,,,,,,,,,,,,,,,,,,,
,,,,,,,,,,,,,,,,,,,
,,,,,,,,,,,,,,,,,,,
,,,,,,,,,,,,,,,,,,,
,,,,,,,,,,,,,,,,,,,
,,,,,,,,,,,,,,,,,,,
,,,,,,,,,,,,,,,,,,,
,,,,,,,,,,,,,,,,,,,
,,,,,,,,,,,,,,,,,,,
,,,,,,,,,,,,,,,,,,,
,,,,,,,,,,,,,,,,,,,
,,,,,,,,,,,,,,,,,,,
,,,,,,,,,,,,,,,,,,,
,,,,,,,,,,,,,,,,,,,
,,,,,,,,,,,,,,,,,,,
,,,,,,,,,,,,,,,,,,,
,,,,,,,,,,,,,,,,,,,
,,,,,,,,,,,,,,,,,,,
,,,,,,,,,,,,,,,,,,,
,,,,,,,,,,,,,,,,,,,
,,,,,,,,,,,,,,,,,,,
,,,,,,,,,,,,,,,,,,,
,,,,,,,,,,,,,,,,,,,
,,,,,,,,,,,,,,,,,,,
,,,,,,,,,,,,,,,,,,,
,,,,,,,,,,,,,,,,,,,
,,,,,,,,,,,,,,,,,,,
,,,,,,,,,,,,,,,,,,,
,,,,,,,,,,,,,,,,,,,
,,,,,,,,,,,,,,,,,,,
,,,,,,,,,,,,,,,,,,,
,,,,,,,,,,,,,,,,,,,
,,,,,,,,,,,,,,,,,,,
,,,,,,,,,,,,,,,,,,,
,,,,,,,,,,,,,,,,,,,
,,,,,,,,,,,,,,,,,,,
,,,,,,,,,,,,,,,,,,,
,,,,,,,,,,,,,,,,,,,
,,,,,,,,,,,,,,,,,,,
,,,,,,,,,,,,,,,,,,,
,,,,,,,,,,,,,,,,,,,
,,,,,,,,,,,,,,,,,,,
,,,,,,,,,,,,,,,,,,,
,,,,,,,,,,,,,,,,,,,
,,,,,,,,,,,,,,,,,,,
,,,,,,,,,,,,,,,,,,,
,,,,,,,,,,,,,,,,,,,
,,,,,,,,,,,,,,,,,,,
,,,,,,,,,,,,,,,,,,,
,,,,,,,,,,,,,,,,,,,
,,,,,,,,,,,,,,,,,,,
,,,,,,,,,,,,,,,,,,,
,,,,,,,,,,,,,,,,,,,
,,,,,,,,,,,,,,,,,,,
,,,,,,,,,,,,,,,,,,,
,,,,,,,,,,,,,,,,,,,
,,,,,,,,,,,,,,,,,,,
,,,,,,,,,,,,,,,,,,,
,,,,,,,,,,,,,,,,,,,
,,,,,,,,,,,,,,,,,,,
,,,,,,,,,,,,,,,,,,,
,,,,,,,,,,,,,,,,,,,
,,,,,,,,,,,,,,,,,,,
,,,,,,,,,,,,,,,,,,,
,,,,,,,,,,,,,,,,,,,
,,,,,,,,,,,,,,,,,,,
,,,,,,,,,,,,,,,,,,,
,,,,,,,,,,,,,,,,,,,
,,,,,,,,,,,,,,,,,,,
,,,,,,,,,,,,,,,,,,,
,,,,,,,,,,,,,,,,,,,
,,,,,,,,,,,,,,,,,,,
,,,,,,,,,,,,,,,,,,,
,,,,,,,,,,,,,,,,,,,
,,,,,,,,,,,,,,,,,,,
,,,,,,,,,,,,,,,,,,,
,,,,,,,,,,,,,,,,,,,
,,,,,,,,,,,,,,,,,,,
,,,,,,,,,,,,,,,,,,,
,,,,,,,,,,,,,,,,,,,
,,,,,,,,,,,,,,,,,,,
,,,,,,,,,,,,,,,,,,,
,,,,,,,,,,,,,,,,,,,
,,,,,,,,,,,,,,,,,,,
,,,,,,,,,,,,,,,,,,,
,,,,,,,,,,,,,,,,,,,
,,,,,,,,,,,,,,,,,,,
,,,,,,,,,,,,,,,,,,,
,,,,,,,,,,,,,,,,,,,
,,,,,,,,,,,,,,,,,,,
,,,,,,,,,,,,,,,,,,,
,,,,,,,,,,,,,,,,,,,
,,,,,,,,,,,,,,,,,,,
,,,,,,,,,,,,,,,,,,,
,,,,,,,,,,,,,,,,,,,
,,,,,,,,,,,,,,,,,,,
,,,,,,,,,,,,,,,,,,,
,,,,,,,,,,,,,,,,,,,
,,,,,,,,,,,,,,,,,,,
,,,,,,,,,,,,,,,,,,,
,,,,,,,,,,,,,,,,,,,
,,,,,,,,,,,,,,,,,,,
,,,,,,,,,,,,,,,,,,,
,,,,,,,,,,,,,,,,,,,
,,,,,,,,,,,,,,,,,,,
,,,,,,,,,,,,,,,,,,,
,,,,,,,,,,,,,,,,,,,
,,,,,,,,,,,,,,,,,,,
,,,,,,,,,,,,,,,,,,,
,,,,,,,,,,,,,,,,,,,
,,,,,,,,,,,,,,,,,,,
,,,,,,,,,,,,,,,,,,,
,,,,,,,,,,,,,,,,,,,
,,,,,,,,,,,,,,,,,,,
,,,,,,,,,,,,,,,,,,,
,,,,,,,,,,,,,,,,,,,
,,,,,,,,,,,,,,,,,,,
,,,,,,,,,,,,,,,,,,,
,,,,,,,,,,,,,,,,,,,
,,,,,,,,,,,,,,,,,,,
,,,,,,,,,,,,,,,,,,,
,,,,,,,,,,,,,,,,,,,
,,,,,,,,,,,,,,,,,,,
,,,,,,,,,,,,,,,,,,,
,,,,,,,,,,,,,,,,,,,
,,,,,,,,,,,,,,,,,,,
,,,,,,,,,,,,,,,,,,,
,,,,,,,,,,,,,,,,,,,
,,,,,,,,,,,,,,,,,,,
,,,,,,,,,,,,,,,,,,,
,,,,,,,,,,,,,,,,,,,
,,,,,,,,,,,,,,,,,,,
,,,,,,,,,,,,,,,,,,,
,,,,,,,,,,,,,,,,,,,
,,,,,,,,,,,,,,,,,,,
,,,,,,,,,,,,,,,,,,,
,,,,,,,,,,,,,,,,,,,
,,,,,,,,,,,,,,,,,,,
,,,,,,,,,,,,,,,,,,,
,,,,,,,,,,,,,,,,,,,
,,,,,,,,,,,,,,,,,,,
,,,,,,,,,,,,,,,,,,,
,,,,,,,,,,,,,,,,,,,
,,,,,,,,,,,,,,,,,,,
,,,,,,,,,,,,,,,,,,,
,,,,,,,,,,,,,,,,,,,
,,,,,,,,,,,,,,,,,,,
,,,,,,,,,,,,,,,,,,,
,,,,,,,,,,,,,,,,,,,
,,,,,,,,,,,,,,,,,,,
,,,,,,,,,,,,,,,,,,,
,,,,,,,,,,,,,,,,,,,
,,,,,,,,,,,,,,,,,,,
,,,,,,,,,,,,,,,,,,,
,,,,,,,,,,,,,,,,,,,
,,,,,,,,,,,,,,,,,,,
,,,,,,,,,,,,,,,,,,,
,,,,,,,,,,,,,,,,,,,
,,,,,,,,,,,,,,,,,,,
,,,,,,,,,,,,,,,,,,,
,,,,,,,,,,,,,,,,,,,
,,,,,,,,,,,,,,,,,,,
,,,,,,,,,,,,,,,,,,,
,,,,,,,,,,,,,,,,,,,
,,,,,,,,,,,,,,,,,,,
,,,,,,,,,,,,,,,,,,,
,,,,,,,,,,,,,,,,,,,
,,,,,,,,,,,,,,,,,,,
,,,,,,,,,,,,,,,,,,,
,,,,,,,,,,,,,,,,,,,
,,,,,,,,,,,,,,,,,,,
,,,,,,,,,,,,,,,,,,,
,,,,,,,,,,,,,,,,,,,
,,,,,,,,,,,,,,,,,,,
,,,,,,,,,,,,,,,,,,,
,,,,,,,,,,,,,,,,,,,
,,,,,,,,,,,,,,,,,,,
,,,,,,,,,,,,,,,,,,,
,,,,,,,,,,,,,,,,,,,
,,,,,,,,,,,,,,,,,,,
,,,,,,,,,,,,,,,,,,,
,,,,,,,,,,,,,,,,,,,
,,,,,,,,,,,,,,,,,,,
,,,,,,,,,,,,,,,,,,,
,,,,,,,,,,,,,,,,,,,
,,,,,,,,,,,,,,,,,,,
,,,,,,,,,,,,,,,,,,,
,,,,,,,,,,,,,,,,,,,
,,,,,,,,,,,,,,,,,,,
,,,,,,,,,,,,,,,,,,,
,,,,,,,,,,,,,,,,,,,
,,,,,,,,,,,,,,,,,,,
,,,,,,,,,,,,,,,,,,,
,,,,,,,,,,,,,,,,,,,
,,,,,,,,,,,,,,,,,,,
,,,,,,,,,,,,,,,,,,,
,,,,,,,,,,,,,,,,,,,
,,,,,,,,,,,,,,,,,,,
,,,,,,,,,,,,,,,,,,,
,,,,,,,,,,,,,,,,,,,
,,,,,,,,,,,,,,,,,,,
,,,,,,,,,,,,,,,,,,,
,,,,,,,,,,,,,,,,,,,
,,,,,,,,,,,,,,,,,,,
,,,,,,,,,,,,,,,,,,,
,,,,,,,,,,,,,,,,,,,
,,,,,,,,,,,,,,,,,,,
,,,,,,,,,,,,,,,,,,,
,,,,,,,,,,,,,,,,,,,
,,,,,,,,,,,,,,,,,,,
,,,,,,,,,,,,,,,,,,,
,,,,,,,,,,,,,,,,,,,
,,,,,,,,,,,,,,,,,,,
,,,,,,,,,,,,,,,,,,,
,,,,,,,,,,,,,,,,,,,
,,,,,,,,,,,,,,,,,,,
,,,,,,,,,,,,,,,,,,,
,,,,,,,,,,,,,,,,,,,
,,,,,,,,,,,,,,,,,,,
,,,,,,,,,,,,,,,,,,,
,,,,,,,,,,,,,,,,,,,
,,,,,,,,,,,,,,,,,,,
,,,,,,,,,,,,,,,,,,,
,,,,,,,,,,,,,,,,,,,
,,,,,,,,,,,,,,,,,,,
,,,,,,,,,,,,,,,,,,,
,,,,,,,,,,,,,,,,,,,
,,,,,,,,,,,,,,,,,,,
,,,,,,,,,,,,,,,,,,,
,,,,,,,,,,,,,,,,,,,
,,,,,,,,,,,,,,,,,,,
,,,,,,,,,,,,,,,,,,,
,,,,,,,,,,,,,,,,,,,
,,,,,,,,,,,,,,,,,,,
,,,,,,,,,,,,,,,,,,,
,,,,,,,,,,,,,,,,,,,
,,,,,,,,,,,,,,,,,,,
,,,,,,,,,,,,,,,,,,,
,,,,,,,,,,,,,,,,,,,
,,,,,,,,,,,,,,,,,,,
,,,,,,,,,,,,,,,,,,,
,,,,,,,,,,,,,,,,,,,
,,,,,,,,,,,,,,,,,,,
,,,,,,,,,,,,,,,,,,,
,,,,,,,,,,,,,,,,,,,
,,,,,,,,,,,,,,,,,,,
,,,,,,,,,,,,,,,,,,,
,,,,,,,,,,,,,,,,,,,
,,,,,,,,,,,,,,,,,,,
,,,,,,,,,,,,,,,,,,,
,,,,,,,,,,,,,,,,,,,
,,,,,,,,,,,,,,,,,,,
,,,,,,,,,,,,,,,,,,,
,,,,,,,,,,,,,,,,,,,
,,,,,,,,,,,,,,,,,,,
,,,,,,,,,,,,,,,,,,,
,,,,,,,,,,,,,,,,,,,
,,,,,,,,,,,,,,,,,,,
,,,,,,,,,,,,,,,,,,,
,,,,,,,,,,,,,,,,,,,
,,,,,,,,,,,,,,,,,,,
,,,,,,,,,,,,,,,,,,,
,,,,,,,,,,,,,,,,,,,
,,,,,,,,,,,,,,,,,,,
,,,,,,,,,,,,,,,,,,,
,,,,,,,,,,,,,,,,,,,
,,,,,,,,,,,,,,,,,,,
,,,,,,,,,,,,,,,,,,,
,,,,,,,,,,,,,,,,,,,
,,,,,,,,,,,,,,,,,,,
,,,,,,,,,,,,,,,,,,,
,,,,,,,,,,,,,,,,,,,
,,,,,,,,,,,,,,,,,,,
,,,,,,,,,,,,,,,,,,,
,,,,,,,,,,,,,,,,,,,
,,,,,,,,,,,,,,,,,,,
,,,,,,,,,,,,,,,,,,,
,,,,,,,,,,,,,,,,,,,
,,,,,,,,,,,,,,,,,,,
,,,,,,,,,,,,,,,,,,,
,,,,,,,,,,,,,,,,,,,
,,,,,,,,,,,,,,,,,,,
,,,,,,,,,,,,,,,,,,,
,,,,,,,,,,,,,,,,,,,
,,,,,,,,,,,,,,,,,,,
,,,,,,,,,,,,,,,,,,,
,,,,,,,,,,,,,,,,,,,
,,,,,,,,,,,,,,,,,,,
,,,,,,,,,,,,,,,,,,,
,,,,,,,,,,,,,,,,,,,
,,,,,,,,,,,,,,,,,,,
,,,,,,,,,,,,,,,,,,,
,,,,,,,,,,,,,,,,,,,
,,,,,,,,,,,,,,,,,,,
,,,,,,,,,,,,,,,,,,,
,,,,,,,,,,,,,,,,,,,
,,,,,,,,,,,,,,,,,,,
,,,,,,,,,,,,,,,,,,,
,,,,,,,,,,,,,,,,,,,
,,,,,,,,,,,,,,,,,,,
,,,,,,,,,,,,,,,,,,,
,,,,,,,,,,,,,,,,,,,
,,,,,,,,,,,,,,,,,,,
,,,,,,,,,,,,,,,,,,,
,,,,,,,,,,,,,,,,,,,
,,,,,,,,,,,,,,,,,,,
,,,,,,,,,,,,,,,,,,,
,,,,,,,,,,,,,,,,,,,
,,,,,,,,,,,,,,,,,,,
,,,,,,,,,,,,,,,,,,,
,,,,,,,,,,,,,,,,,,,
,,,,,,,,,,,,,,,,,,,
,,,,,,,,,,,,,,,,,,,
,,,,,,,,,,,,,,,,,,,
,,,,,,,,,,,,,,,,,,,
,,,,,,,,,,,,,,,,,,,
,,,,,,,,,,,,,,,,,,,
,,,,,,,,,,,,,,,,,,,
,,,,,,,,,,,,,,,,,,,
,,,,,,,,,,,,,,,,,,,
,,,,,,,,,,,,,,,,,,,
,,,,,,,,,,,,,,,,,,,
,,,,,,,,,,,,,,,,,,,
,,,,,,,,,,,,,,,,,,,
,,,,,,,,,,,,,,,,,,,
,,,,,,,,,,,,,,,,,,,
,,,,,,,,,,,,,,,,,,,
,,,,,,,,,,,,,,,,,,,
,,,,,,,,,,,,,,,,,,,
,,,,,,,,,,,,,,,,,,,
,,,,,,,,,,,,,,,,,,,
,,,,,,,,,,,,,,,,,,,
,,,,,,,,,,,,,,,,,,,
,,,,,,,,,,,,,,,,,,,
,,,,,,,,,,,,,,,,,,,
,,,,,,,,,,,,,,,,,,,
,,,,,,,,,,,,,,,,,,,
,,,,,,,,,,,,,,,,,,,
,,,,,,,,,,,,,,,,,,,
,,,,,,,,,,,,,,,,,,,
,,,,,,,,,,,,,,,,,,,
,,,,,,,,,,,,,,,,,,,
,,,,,,,,,,,,,,,,,,,
,,,,,,,,,,,,,,,,,,,
,,,,,,,,,,,,,,,,,,,
,,,,,,,,,,,,,,,,,,,
,,,,,,,,,,,,,,,,,,,
,,,,,,,,,,,,,,,,,,,
,,,,,,,,,,,,,,,,,,,
,,,,,,,,,,,,,,,,,,,
,,,,,,,,,,,,,,,,,,,
,,,,,,,,,,,,,,,,,,,
,,,,,,,,,,,,,,,,,,,
,,,,,,,,,,,,,,,,,,,
,,,,,,,,,,,,,,,,,,,
,,,,,,,,,,,,,,,,,,,
,,,,,,,,,,,,,,,,,,,
,,,,,,,,,,,,,,,,,,,
,,,,,,,,,,,,,,,,,,,
,,,,,,,,,,,,,,,,,,,
,,,,,,,,,,,,,,,,,,,
