Company Name,Ticker,,
Westinghouse Air Brake Co,WAB,,
CSPC Pharmaceutical Group Limited,DELETE,OTC,
Nitori Holdings Co Ltd,DELETE,OTC,
Taiwan Semiconductor Manufacturing,TSM,,
Sony Corporation,SONY,,
Nintendo Co Ltd,DELETE,OTC,
Alibaba Group Holding Ltd,BABA,,
Softbank Group Corp,DELETE,OTC,
Tencent Holdings Limited,DELETE,OTC,
Rocky Branch Investments LLC,DELETE,PRIV,
Ab Private Credit Investors Corp,DELETE,PRIV,
Ping An Insurance (Group) Co Of China Ltd,DELETE,OTC,
ELCM2 LLC,DELETE,PRIV,
Taiwan Semiconductor Co,TSM,,
Serengeti Lycaon Partners LP,DELETE,OTC,
Commodore Capital Domestic LP,DELETE,PRIV,
Sentera Inc,DELETE,PRIV,
3G Courser Offshore Fund Ltd,DELETE,PRIV,OFF SHORE BANK
MAYA Capital Series Co-Invest I LP,DELETE,PRIV,
Feoh Investments,DELETE,PRIV,Sketch check website
ENN Energy Holdings Ltd,DELETE,OTC,
MDLIVE INC,DELETE,PRIV,
Shionogi & Co,DELETE,OTC,
Surgical Information Sciences Inc,DELETE,PRIV,def shell company
Takeda Pharmaceutical Co,TAK,,
AIA Group Ltd,DELETE,OTC,
Chugai Pharmaceutical Co,DELETE,OTC,
Komatsu,DELETE,OTC,
Kubota Corp,DELETE,OTC,
Sysmex Corp,DELETE,OTC,
Fanuc Co,DELETE,PRIV,
Unicharm Corp,DELETE,OTC,
HDFC Bank Ltd,HDB,,
Decibel Partners I LP,DELETE,PRIV,
Steadview Co-Investment Opportunities Fund LP,DELETE,PRIV,
"A-RH-HOOD, a series of A-ST Opportunity Funds, LLC",DELETE,PRIV,
"Ruane, Cunniff & Goldfarb Inc",DELETE,PRIV,
Tokio Marine Holdings Inc,DELETE,OTC,
Jepriv Fund2 Lp,DELETE,PRIV,
Sweetgreen Inc,SG,,
JGC Holdings Corp,DELETE,PRIV,
Industrial Property Trust Inc,DELETE,PRIV,
China Mobile Ltd,DELETE,OTC,
NTT DoCoMo,DELETE,OTC,
Hang Seng Bank,DELETE,OTC,
Henderson Land Development Co,DELETE,OTC,
Sun Hung Kai Properties,DELETE,OTC,
Swire Pacific,DELETE,OTC,
Hang Lung Properties,DELETE,OTC,
Inpex Corp,DELETE,OTC,
Japan Tobacco Inc,DELETE,OTC,
Toray Industries Inc,DELETE,OTC,
Asahi Kasei Corp,DELETE,OTC,
Sumitomo Chemical Co,DELETE,OTC,
Hitachi,DELETE,OTC,
Isuzu Motors,DELETE,OTC,
Subaru Corporation,DELETE,OTC,
Nikon Corp,DELETE,OTC,
Canon Inc,CAJ,,
Mitsui & Co,DELETE,OTC,
Sumitomo Corp,DELETE,OTC,
Mitsubishi Ufj Financial Group Inc,MUFG,,
Sumitomo Mitsui Financial Group Inc,SMFG,,
Mizuho Financial Group,MFG,,
Orix Corp,IX,,
East Japan Railway Co,DELETE,OTC,
West Japan Railway Co,DELETE,OTC,
Japan Airlines Co Ltd,DELETE,OTC,
Nippon Telegraph And Telephone Corporation,DELETE,OTC,
College Reaction LLC,DELETE,PRIV,
Mitsubishi Corp,DELETE,OTC,
Nec Corp,DELETE,OTC,
Key Corp Ltd,DELETE,OTC,SUS
Buildgroup Llc,DELETE,PRIV,
Coatue Opportunity Fund I LP,DELETE,PRIV,
Trinity Industrial Corp,DELETE,JPY,
Dentsu Group Inc,DELETE,OTC,SUS
Toyota Motor Corporation,TM,,
Mitsubishi Tanabe Pharma Corp,DELETE,OTC,
Posco,PKX,,
Honda Motor Co,HMC,,
Dai Nippon Printing Co,DELETE,OTC,
Mitsui Sumitomo Insurance Group Hld,DELETE,PRIV,
Covestro AG,DELETE,OTC,
Daiwa House Industry Co,DELETE,OTC,
Boc Hong Kong(Holdings),DELETE,OTC,
Astellas Pharma Inc,DELETE,OTC,
Panasonic Corp,DELETE,OTC,
Denso Corp,DELETE,OTC,
Nissan Motor Co,DELETE,OTC,
Mazda Motor Corp,DELETE,OTC,
Shimano Inc,DELETE,OTC,
Mitsubishi Estate Co,DELETE,OTC,
China Petroleum & Chemical Corp,SNP,,
First Pacific Co,DELETE,OTC,
Sumitomo Mitsui Trust Holdings,DELETE,OTC,
Taisho Pharmaceutical Holdings Co Ltd,DELETE,OTC,
Shinhan Financial Group,SHG,,
Caesars Holdings Inc,CZR,,
Accenture Holdings Plc,DELETE,PRIV,
First Florida Bank,DELETE,PRIV,
Park 24 Co,DELETE,OTC,
Monotaro Co.Ltd,DELETE,OTC,
Varian Medical Systems Inc,DELETE,PRIV,AQUIRED/FAILED/DELISTED
Mirror Merger Sub 2 LLC,DELETE,PRIV,AQUIRED/FAILED/DELISTED
Pra Health Sciences Inc,DELETE,PRIV,AQUIRED/FAILED/DELISTED
Capstead Mortgage Corp,DELETE,PRIV,AQUIRED/FAILED/DELISTED
Cornerstone Ondemand Inc,DELETE,PRIV,AQUIRED/FAILED/DELISTED
Maxim Integrated Products Inc,DELETE,PRIV,AQUIRED/FAILED/DELISTED
Extended Stay America Inc,DELETE,PRIV,AQUIRED/FAILED/DELISTED
Vivint Solar Inc,DELETE,PRIV,AQUIRED/FAILED/DELISTED
Td Ameritrade Holding Corp,DELETE,PRIV,AQUIRED/FAILED/DELISTED
Concho Resources Inc,DELETE,,AQUIRED/FAILED/DELISTED
Allergan Plc,DELETE,,AQUIRED/FAILED/DELISTED
Dunkin' Brands Group Inc,DELETE,,AQUIRED/FAILED/DELISTED
Pluralsight Inc,DELETE,,AQUIRED/FAILED/DELISTED
Raytheon Co,DELETE,,AQUIRED/FAILED/DELISTED
Noble Energy Inc,DELETE,,AQUIRED/FAILED/DELISTED
Lydall Inc,DELETE,,AQUIRED/FAILED/DELISTED
Wright Medical Group Nv,DELETE,,AQUIRED/FAILED/DELISTED
Tiffany & Co,DELETE,Off Exchange,AQUIRED/FAILED/DELISTED
Amber Road Inc,DELETE,,AQUIRED/FAILED/DELISTED
Cooper Tire & Rubber Co,DELETE,,AQUIRED/FAILED/DELISTED
Crowdstrike Holdings Inc,CRWD,,
Bloom Energy Corp,BE,,
Clean Energy Fuels Corp,CLNE,,
Katapult Holdings Inc,KPLT,,
Plug Power Inc,PLUG,,
Allianz SE,ALV,,
Howard Hughes Corp,HHC,,
AT&T Inc,T,,
Enable Midstream Partners Lp,ENBL,,
Pbf Logistics Lp,PBFX,,
Usa Compression Partners Lp,USAC,,
Deckers Outdoor Corp,DECK,,
Global Partners Lp,GLP,,
Nustar Energy Lp,NS,,
Shell Midstream Partners LP,SHLX,,
Commscope Holding Company Inc,COMM,,
Simon Property Group Inc,SPG,,
American Airlines Group Inc,AAL,,
Amazon Com Inc,AMZN,,
Boeing Co,BA,,
Walt Disney Co,DIS,,
Fedex Corp,FDX,,
Southwest Airlines Co,LUV,,
Square Inc,SQ,,
Twitter Inc,TWTR,,
Verizon Communications Inc,VZ,,
Sylvamo Corp,SLVM,,
Roblox Corp,RBLX,,
BTC iShares Core Dividend Growth ETF,DGRO,,
Devon Energy Corp,DVN,,
Cyrusone Inc,CONE,,
Hanesbrands Inc,HBI,,
Metlife Inc,MET,,
Nasdaq Inc,NDAQ,,
Allegion Plc,ALLE,,
Air Products & Chemicals Inc,APD,,
Buckle Inc,BKE,,
Cintas Corp,CTAS,,
Diageo,DGE,,
Estee Lauder Companies Inc,EL,,
Eagle Materials Inc,EXP,,
Generac Holdings Inc,GNRC,,
Intuit Inc,INTU,,
Johnson & Johnson,JNJ,,
Keysight Technologies Inc,KEYS,,
KLA Corp,KLAC,,
Monolithic Power Systems Inc,MPWR,,
Netflix Inc,NFLX,,
Procter & Gamble Co,PG,,
American Electric Power Co Inc,AEP,,
Applied Materials Inc,AMAT,,
American Water Works Company Inc,AWK,,
Bce Inc,BCE,,
Charles River Laboratories International Inc,CRL,,
Cisco Systems Inc,CSCO,,
Danaher Corp,DHR,,
Equinix Inc,EQIX,,
Eversource Energy,ES,,
Expedia Group Inc,EXPE,,
First Horizon Corp,FHN,,
Fifth Third Bancorp,FITB,,
HCA Healthcare Inc,HCA,,
Hartford Financial Services Group Inc,HIG,,
Mastercard Inc,MA,,
Nextera Energy Inc,NEE,,
National Retail Properties Inc,NNN,,
Newell Brands Inc,NWL,,
Old Dominion Freight Line Inc,ODFL,,
Pepsico Inc,PEP,,
Pfizer Inc,PFE,,
Prologis Inc,PLD,,
Qualcomm Inc,QCOM,,
Roper Technologies Inc,ROP,,
S&P Global Inc,SPGI,,
Synchrony Financial,SYF,,
Tjx Companies Inc,TJX,,
Wayfair Inc,W,,
Dominion Energy Inc,D,,
PNC Financial Services Group Inc,PNC,,
Autohome Inc,ATHM,,
BHP Group Limited,BHP,,
Chemed Corp,CHE,,
Clorox Co,CLX,,
Quest Diagnostics Inc,DGX,,
3M Co,MMM,,
Western Alliance Bancorporation,WAL,,
Ford Motor Co,F,,
Alphabet Inc,GOOGL,,
Great Canadian Gaming Corporation,GC,,
Apple Inc,AAPL,,
Philip Morris International Inc,PM,,
NetApp Inc,NTAP,,
Williams Companies Inc,WMB,,
Antero Midstream Corp,AM,,
Nerdy Inc,NRDY,,
BP,BP/,,
Lamb Weston Holdings Inc,LW,,
Endava Plc,DAVA,,
CrossAmerica Partners LP,CAPL,,
Enbridge Inc,ENB,,
Phillips 66 Partners Lp,PSXP,,
Discover Financial Services,DFS,,
JP Morgan Chase & Co,JPM,,
Marsh & Mclennan Companies Inc,MMC,,
Merck & Co Inc,MRK,,
Evoqua Water Technologies Corp,AQUA,,
Booz Allen Hamilton Holding Corp,BAH,,
Carrier Global Corp,CARR,,
Element Solutions Inc,ESI,,
Shift4 Payments Inc,FOUR,,
Leidos Holdings Inc,LDOS,,
Syneos Health Inc,SYNH,,
Magellan Midstream Partners Lp,MMP,,
Accenture Plc,ACN,,
Medtronic Plc,MDT,,
Raytheon Technologies Corp,RTX,,
UnitedHealth Group ,UNH,,
Genesis Energy LP,GEL,,
Coca Cola Co,KO,,
Adobe Inc,ADBE,,
Facebook Inc,FB,,
Huntington Bancshares Inc,HBAN,,
NVIDIA Corp,NVDA,,
Twilio Inc,TWLO,,
Brown Advisory Sustainability Growth Fund Investor,BIAWX,,
Strategic Income Opportunities Portfolio Institutional,BSIIX,,
Ishares Trust,VLUE,,
SS&C Technologies Holdings Inc,SSNC,,
Equitable Holdings Inc,EQH,,
Mercadolibre Inc,MELI,,
Spdr S&P 500 Etf Trust,SPY,,
Home Depot Inc,HD,,
First Trust NASDAQ Cybersecurity ETF,CIBR,,
Crispr Therapeutics Ag,CRSP,,
Listed Funds Trust,LRNZ,,
WisdomTree Trust,WCLD,,
Ametek Inc,AME,,
Stratasys Ltd,SSYS,,
Enterprise Products Partners LP,EPD,,
Blackrock Inc,BLK,,
BTC iShares MSCI India ETF,INDA,,
Vanguard FTSE Emerging Markets ETF,VWO,,
Sonova Holding Ag,SOON,,
Pioneer Natural Resources Co,PXD,,
Bank of America Corp,BAC,,
Bank Of New York Mellon Corp,BK,,
Morgan Stanley,MS,,
MGM Resorts International,MGM,,
 Invesco Dynamic Leisure and Entertainment ETF,PEJ,,
Broadcom Inc,AVGO,,
RPM International Inc,RPM,,
L'Oreal,OR,,
Atlantica Sustainable Infrastructure Plc,AY,,
Best Buy Co Inc,BBY,,
Coca-Cola Europacific Partners Plc,CCEP,,
Edwards Lifesciences Corp,EW,,
First Solar Inc,FSLR,,
Honeywell International Inc,HON,,
Intel Corp,INTC,,
Microsoft Corp,MSFT,,
Novo Nordisk AS,NOVOB,,
Oracle Corp,ORCL,,
Koninklijke Philips Electronics N.V.,PHIA,,
SAP Se,SAP,,
Starbucks Corp,SBUX,,
State Street Corp,STT,,
UBS Group AG,UBSG,,
Visa Inc,V,,
Fiserv Inc,FISV,,
Stanley Black & Decker Inc,SWK,,
Dutch Bros Inc,BROS,,
BHP Group,BHP,,
Covetrus Inc,CVET,,
Emergent Biosolutions Inc,EBS,,
Spx Corp,SPXC,,
Trane Technologies Plc,TT,,
Uber Technologies Inc,UBER,,
Zillow Group Inc,ZG,,
Avaya Holdings Corp,AVYA,,
Realogy Holdings Corp,RLGY,,
Tiaa-Cref Growth & Income Fund Retirement Class,TRGIX,,
JPMorgan Alerian MLP ETN,AMJ,,
SPDR S&P Midcap 400 ETF,MDY,,
Coinbase Global Inc,COIN,,
Enlink Midstream Llc,ENLC,,
Godaddy Inc,GDDY,,
Nuveen ESG Large-Cap Growth ETF,NULG,,
MongoDB Inc,MDB,,
International Business Machines Corp,IBM,,
PPG Industries Inc,PPG,,
Exxon Mobil Corp,XOM,,
Emerson Electric Co,EMR,,
Eaton Corp Plc,ETN,,
Rockwell Automation Inc,ROK,,
Peloton Interactive Inc,PTON,,
Okta Inc,OKTA,,
Tesla Inc,TSLA,,
Industrial Logistics Properties Trust,ILPT,,
PIMCO Income Fund Class Institutional,PIMIX,,
PIMCO Income Fund Class I-2,PONPX,,
Helmerich & Payne Inc,HP,,
Urban Outfitters Inc,URBN,,
Berkshire Hathaway Inc,BRKB,,
BTC iShares TIPS Bond ETF ,TIP,,
Match Group Inc,MTCH,,
Fuelcell Energy Inc,FCEL,,
Columbia Diversified Fixed Income Allocation ETF,DIAL,,
Ryder System Inc,R,,
Zoom Video Communications Inc,ZM,,
Wells Fargo & Co,WFC,,
Ballard Power Systems Inc,BLDP,,
Jacobs Engineering Group Inc,J,,
American Tower Corp,AMT,,
Aptiv Plc,APTV,,
American Express Co,AXP,,
CVS Health Corp,CVS,,
Deere & Co,DE,,
General Electric Co,GE,,
Linde Plc,LIN,,
Eli Lilly & Co,LLY,,
McDonald's Corp,MCD,,
Marvell Technology Inc,MRVL,,
Nike Inc,NKE,,
Union Pacific Corp,UNP,,
Workday Inc,WDAY,,
Kroger Co,KR,,
Adyen NV,ADYEN,,
Mckesson Corp,MCK,,
Cadence Design Systems Inc,CDNS,,
Icon,ICLR,,
IQVIA Holdings Inc,IQV,,
Progress Software Corp,PRGS,,
Progressive Corp,PGR,,
Suburban Propane Partners Lp,SPH,,
Intuitive Surgical Inc,ISRG,,
Avangrid Inc,AGR,,
Ally Financial Inc,ALLY,,
Aon Plc,AON,,
Ares Capital Corp,ARCC,,
Blackstone Inc,BX,,
Comcast Corp,CMCSA,,
CME Group Inc,CME,,
Costco Wholesale Corp,COST,,
NXP Semiconductors N.V.,NXPI,,
Sherwin Williams Co,SHW,,
Thermo Fisher Scientific Inc,TMO,,
T-Mobile US Inc,TMUS,,
Transunion,TRU,,
Walmart Inc,WMT,,
Zoetis Inc,ZTS,,
Capital One Financial Corp,COF,,
Norfolk Southern Corp,NSC,,
Schwab Charles Corp,SCHW,,
Wolfspeed Inc,WOLF,,
Royal Gold Inc,RGLD,,
Paypal Holdings Inc,PYPL,,
Sea Ltd,SE,,
Albemarle Corp,ALB,,
Markel Corp,MKL,,
Microchip Technology Inc,MCHP,,
Chevron Corp,CVX,,
Ultragenyx Pharmaceutical Inc,RARE,,
Church & Dwight Co Inc,CHD,,
Omnicom Group Inc,OMC,,
Pinterest Inc,PINS,,
Borgwarner Inc,BWA,,
Spotify Technology S A,SPOT,,
Science Applications International Corp,SAIC,,
AdaptHealth Corp,AHCO,,
Lockheed Martin Corp,LMT,,
Texas Instruments Inc,TXN,,
Amerisourcebergen Corp,ABC,,
American International Group Inc,AIG,,
Las Vegas Sands Corp,LVS,,
Nucor Corp,NUE,,
Booking Holdings Inc,BKNG,,
General Motors Co,GM,,
Prosus NV,PRX,,
Landmark Infrastructure Partners Lp,LMRK,,
Old Westbury Large Cap Strategies Fund,OWLSX,,
iShares Core MSCI Emerging Markets ETF,IEMG,,
iShares Long-Term Corporate Bond ETF,IGLB,,
Halozyme Therapeutics Inc,HALO,,
Salesforce Com Inc,CRM,,
Bright Horizons Family Solutions Inc,BFAM,,
Black Knight Inc,BKI,,
Churchill Downs Inc,CHDN,,
On Semiconductor Corp,ON,,
Victoria's Secret & Co,VSCO,,
Tractor Supply Co,TSCO,,
Altria Group Inc,MO,,
Micron Technology Inc,MU,,
Paccar Inc,PCAR,,
Energy Transfer Lp,ET,,
Sirius Xm Holdings Inc,SIRI,,
Citrix Systems Inc,CTXS,,
Builders Firstsource Inc,BLDR,,
Dell Technologies Inc,DELL,,
Western Asset Core Bond Fund,WATFX,,
LegalZoom.Com Inc,LZ,,
Chegg Inc,CHGG,,
Oneok Inc,OKE,,
Organon & Co,OGN,,
Invesco QQQ Trust Series 1,QQQ,,
Amplify Online Retail ETF,IBUY,,
Plains All American Pipeline Lp,PAA,,
Nuvve Holding Corp,NVVE,,
Chewy Inc,CHWY,,
CNA Financial Corp,CNA,,
United Airlines Holdings Inc,UAL,,
Fleetcor Technologies Inc,FLT,,
Fortinet Inc,FTNT,,
Hilton Worldwide Holdings Inc,HLT,,
Huntsman Corp,HUN,,
Southern States Bancshares Inc,SSBK,,
Citigroup Inc,C,,
BJs Wholesale Club Holdings Inc,BJ,,
Conagra Brands Inc,CAG,,
Curtiss-Wright Corp,CW,,
Dollar Tree Inc,DLTR,,
Phibro Animal Health Corp,PAHC,,
Sysco Corp,SYY,,
WW International Inc,WW,,
Monster Beverage Corp,MNST,,
Blackstone Mortgage Trust Inc,BXMT,,
National Health Investors Inc,NHI,,
Pembina Pipeline Corporation,PPL,,
Brixmor Property Group Inc,BRX,,
Boston Scientific Corp,BSX,,
DraftKings Inc,DKNG,,
Zimmer Biomet Holdings Inc,ZBH,,
Fidelity National Information Services Inc,FIS,,
Activision Blizzard Inc,ATVI,,
Live Nation Entertainment Inc,LYV,,
Eros International,ESGC,,
Autozone Inc,AZO,,
Advanced Micro Devices Inc,AMD,,
Gxo Logistics Inc,GXO,,
Waters Corp,WAT,,
National Fuel Gas Co,NFG,,
Tapestry Inc,TPR,,
Alexandria Real Estate Equities Inc,ARE,,
Coresite Realty Corp,COR,,
Weyerhaeuser Co,WY,,
Travelers Companies Inc,TRV,,
General Mills Inc,GIS,,
Infineon Technologies Ag,IFX,,
Fidelity Dividend ETF for Rising Rates,FDRR,,
Fidelity MSCI Health Care Index ETF,FHLC,,
JPMorgan Equity Premium Income ETF,JEPI,,
William Blair Large Cap Growth Fund,LCGFX,,
First Eagle Global Fund,SGIIX,,
DuPont De Nemours Inc,DD,,
Snap Inc,SNAP,,
RBC Bearings Inc,ROLL,,
Boston Beer Co Inc,SAM,,
ABB Ltd,ABBN,,
Iron Mountain Inc,IRM,,
Orange Sa,ORA,,
Epam Systems Inc,EPAM,,
XPO Logistics Inc,XPO,,
C H Robinson Worldwide Inc,CHRW,,
Electronic Arts Inc,EA,,
Essent Group Ltd,ESNT,,
Alliant Energy Corp,LNT,,
Masco Corp,MAS,,
Nice Ltd,NICE,,
Inland Real Estate Income Trust Inc,INRE,,
Advance Auto Parts Inc,AAP,,
CNH Industrial Nv,CNHI,,
DXC Technology Co,DXC,,
Lincoln National Corp,LNC,,
Lumen Technologies Inc,LUMN,,
Murphy Oil Corp,MUR,,
Royal Dutch Shell,RDSA,,
Abbey Capital Futures Strategy Fund Class I,ABYIX,,
VictoryShares US 500 Volatility Wtd ETF,CFA,,
WisdomTree U.S. SmallCap Quality Dividend Growth Fund,DGRS,,
Fidelity Advisor International Capital Appreciation,FCPIX,,
First Trust Dow Jones Internet Index Fund,FDN,,
Fidelity Advisor Emerging Markets Fund,FIMKX,,
Global X Funds Global X FinTech ETF,FINX,,
Goldman Sachs Emerging Markets Equity Fund Institutional Class,GEMIX,,
SPDR Gold Trust,GLD,,
iShares S&P Small-Cap 600 Value ETF,IJS,,
iShares Core S&P 500 ETF,IVV,,
Lord Abbett Ultra Short Bond Fund,LUBFX,,
First Trust Exchange-Traded Fund III,NXTG,,
Abbvie Inc,ABBV,,
Paycor Hcm Inc,PYCR,,
QTS Realty Trust Inc,QTS,,
BTC iShares iBonds Dec 2024 Term Corporate ETF,IBDP,,
iShares iBonds Dec 2023 Term Treasury ETF,IBTD,,
BTC iShares MBS ETF,MBB,,
SSgA SPDR S&P 400 Mid Cap Growth ETF,MDYG,,
SSgA SPDR S&P 400 Mid Cap Value ETF,MDYV,,
Cognizant Technology Solutions Corp,CTSH,,
Moderna Inc,MRNA,,
Herman Miller Inc,MLHR,,
Alexion Pharmaceuticals Inc,ALXN,,
AstraZeneca,AZN,,
Realty Income Corp,O,,
Ptc Inc,PTC,,
Cleveland-Cliffs Inc,CLF,,
FS Energy & Power Fund,FSEN,,
Naspers Limited,NPN,,
Calvert US Large Cap Core Responsible Fund,CISIX,,
iShares Trust iShares ESG Aware MSCI EAFE ETF,ESGD,,
Amgen Inc,AMGN,,
Nestlé SA,NESN,,
Trupanion Inc,TRUP,,
Alcoa Corp,AA,,
Bristol Myers Squibb Co,BMY,,
WisdomTree U.S. Total Dividend Fund,DTD,,
BTC iShares MSCI USA Momentum Factor ETF,MTUM,,
Pegasystems Inc,PEGA,,
SSgA Consumer Discretionary Select Sector SPDR,XLY,,
Lemonade Inc,LMND,,
Davita Inc,DVA,,
NortonLifeLock Inc,NLOK,,
Armstrong World Industries Inc,AWI,,
KBR Inc,KBR,,
Kimberly Clark Corp,KMB,,
Northwest Natural Holding Co,NWN,,
Bath & Body Works Inc,BBWI,,
Ball Corp,BLL,,
Caesars Entertainment Inc,CZR,,
Planet Fitness Inc,PLNT,,
Under Armour Inc,UAA,,
One Liberty Properties Inc,OLP,,
Lowes Companies Inc,LOW,,
SVB Financial Group,SIVB,,
Usd Partners Lp,USDP,,
GlaxoSmithKline,GSK,,
SPDR S&P Regional Banking ETF,KRE,,
Roku Inc,ROKU,,
Fastenal Co,FAST,,
Ingersoll-Rand Inc,IR,,
Price T Rowe Group Inc,TROW,,
Barrick Gold Corp,ABX,,
Crown Holdings Inc,CCK,,
Carmax Inc,KMX,,
Constellation Brands Inc,STZ,,
Fidelity Balanced Fund,FBALX,,
Fidelity Government Cash Reserves ,FDRXX,,
Wynn Resorts Ltd,WYNN,,
Abbott Laboratories,ABT,,
Archer-Daniels-Midland Co,ADM,,
Caterpillar Inc,CAT,,
Charter Communications Inc,CHTR,,
First Republic Bank,FRC,,
Gilead Sciences Inc,GILD,,
Humana Inc,HUM,,
KKR & Co Inc,KKR,,
Mondelez International Inc,MDLZ,,
NVR Inc,NVR,,
Parker Hannifin Corp,PH,,
Public Storage,PSA,,
SBA Communications Corp,SBAC,,
Truist Financial Corp,TFC,,
VF Corp,VFC,,
Zynga Inc,ZNGA,,
Johnson Controls International Plc,JCI,,
Marin Software Inc,MRIN,,
Carnival Corp,CCL,,
Novocure Ltd,NVCR,,
Agilent Technologies Inc,A,,
Arch Capital Group Ltd,ACGL,,
Autodesk Inc,ADSK,,
Ansys Inc,ANSS,,
Ares Management Corp,ARES,,
Brown Forman Corp,BFA,,
Brown & Brown Inc,BRO,,
Credit Acceptance Corp,CACC,,
CBRE Group Inc,CBRE,,
Colfax Corp,CFX,,
Cannae Holdings Inc,CNNE,,
Costar Group Inc,CSGP,,
Dollar General Corp,DG,,
Dominos Pizza Inc,DPZ,,
Fidelity National Financial Inc,FNF,,
Guidewire Software Inc,GWRE,,
Hyatt Hotels Corp,H,,
Idexx Laboratories Inc,IDXX,,
IHS Markit Ltd,INFO,,
Gartner Inc,IT,,
Kennedy-Wilson Holdings Inc,KW,,
Liberty Broadband Corp,LBRDA,,
Lennar Corp,LEN,,
Liberty Media Corp,LSXMA,,
Moodys Corp,MCO,,
Martin Marietta Materials Inc,MLM,,
MSCI Inc,MSCI,,
Mettler Toledo International Inc,MTD,,
Vail Resorts Inc,MTN,,
O'Reilly Automotive Inc,ORLY,,
Restaurant Brands International Inc,QSR,,
Ross Stores Inc,ROST,,
Summit Materials Inc,SUM,,
Tyler Technologies Inc,TYL,,
Vulcan Materials Co,VMC,,
Verisk Analytics Inc,VRSK,,
Verisign Inc,VRSN,,
Wix.Com Ltd,WIX,,
Dt Midstream Inc,DTM,,
Five Below Inc,FIVE,,
Grand Canyon Education Inc,LOPE,,
Regeneron Pharmaceuticals Inc,REGN,,
Skyline Champion Corp,SKY,,
Dexcom Inc,DXCM,,
Eaton Vance Tax-Managed Buy-Write Opportunities Fund,ETV,,
Fidelity Quality Factor ETF,FQAL,,
Illinois Tool Works Inc,ITW,,
Vuzix Corp,VUZI,,
ETFis Series Trust I,AMZA,,
Concentrix Corp,CNXC,,
DENTSPLY Sirona Inc,XRAY,,
Walgreens Boots Alliance Inc,WBA,,
PPL Corp,PPL,,
CDK Global Inc,CDK,,
Duke Energy Corp,DUK,,
Roche Holding Ag,ROG,,
Aquabounty Technologies Inc,AQB,,
Centennial Resource Development Inc,CDEV,,
Janus Henderson Mortgage-Backed Securities ETF,JMBS,,
BTC iShares 10-20 Year Treasury Bond ETF,TLH,,
Generation Capital Ltd,GNRS,,
Liveramp Holdings Inc,RAMP,,
Triterras Inc,TRIT,,
Vishay Intertechnology Inc,VSH,,
Van Eck Emerging Markets Fund I,EMRIX,,
Cushman & Wakefield plc,CWK,,
Teleflex Inc,TFX,,
Travel & Leisure CO,TNL,,
Asensus Surgical Inc,ASXC,,
Masimo Corp,MASI,,
Phillips 66,PSX,,
Aercap Holdings NV,AER,,
Lyondellbasell Industries NV,LYB,,
Owl Rock Capital Corp,ORCC,,
Matador Resources Co,MTDR,,
Siteone Landscape Supply Inc,SITE,,
Neurocrine Biosciences Inc,NBIX,,
US Bancorp Delaware,USB,,
Baker Hughes Co,BKR,,
Store Capital Corp,STOR,,
Vici Properties Inc.,VICI,,
Vontier Corp,VNT,,
Anthem Inc,ANTM,,
Becton Dickinson & Co,BDX,,
Global Payments Inc,GPN,,
Intercontinental Exchange Inc,ICE,,
Lam Research Corp,LRCX,,
Valero Energy Corp,VLO,,
Motorola Solutions Inc,MSI,,
Gamestop Corp,GME,,
Beauty Health Co,SKIN,,
Arthur J. Gallagher & Co,AJG,,
Clarivate Plc,CLVT,,
Elanco Animal Health Inc,ELAN,,
Lear Corp,LEA,,
Lumentum Holdings Inc,LITE,,
Resideo Technologies Inc,REZI,,
Otis Worldwide Corp,OTIS,,
Viatris Inc,VTRS,,
Automatic Data Processing Inc,ADP,,
Servicenow Inc,NOW,,
Xilinx Inc,XLNX,,
ARK Innovation ETF,ARKK,,
Fresenius Medical Care AG & Co. KGaA,FME,,
United Therapeutics Corp,UTHR,,
Palantir Technologies Inc,PLTR,,
Ameresco Inc,AMRC,,
Pultegroup Inc,PHM,,
Tetra Tech Inc,TTEK,,
International Paper Co,IP,,
Kinder Morgan Inc,KMI,,
Acumen Pharmaceuticals Inc,ABOS,,
NRG Energy Inc,NRG,,
Etsy Inc,ETSY,,
Discovery Inc,DISCA,,
LKQ Corp,LKQ,,
LPL Financial Holdings Inc,LPLA,,
First Trust High Income Long Short Fund,FSD,,
Goldman Sachs Access Treasury 0-1 Year ETF,GBIL,,
BTC iShares 20+ Year Treasury Bond ETF,TLT,,
Agco Corp,AGCO,,
Camping World Holdings Inc,CWH,,
Polaris Inc,PII,,
Service Corp International,SCI,,
Molson Coors Beverage Co,TAP,,
Whirlpool Corp,WHR,,
Westlake Chemical Corp,WLK,,
Westrock Co,WRK,,
Take Two Interactive Software Inc,TTWO,,
Cigna Corp,CI,,
ViacomCBS Inc,VIAC,,
Teradyne Inc,TER,,
C3.ai Inc,AI,,
iShares National Muni Bond ETF,MUB,,
Southern Co,SO,,
Atricure Inc,ATRC,,
Biogen Inc,BIIB,,
Boot Barn Holdings Inc,BOOT,,
Stifel Financial Corp,SF,,
United Health Products Inc,UEEC,,
Virtus KAR Mid Cap Core Fund,VMCCX,,
Juniper Networks Inc,JNPR,,
Xylem Inc,XYL,,
Burlington Stores Inc,BURL,,
Transdigm Group Inc,TDG,,
Apollo Global Management Inc,APO,,
Axis Capital Holdings Ltd,AXS,,
L3Harris Technologies Inc,LHX,,
Mantech International Corp,MANT,,
Total Energy Services Inc,TOT,,
Allstate Corp,ALL,,
United Rentals Inc,URI,,
Investment Company of America Fund,AIVSX,,
New Perspective Fund,ANWPX,,
Capital World Growth and Income Fund,CWGIX,,
New World Fund,NEWFX,,
Nokia Corp,NOKIA,,
Exact Sciences Corp,EXAS,,
United Parcel Service Inc,UPS,,
Mandiant Inc,MNDT,,
Invesco Capital Management LLC,BSCL,,
Catalent Inc,CTLT,,
IPG Photonics Corp,IPGP,,
Waste Management Inc,WM,,
Ferrari Nv,RACE,,
Berkley W R Corp,WRB,,
Docusign Inc,DOCU,,
Splunk Inc,SPLK,,
Brookfield Asset Management Inc,BAM/A,,
Heico Corp,HEI,,
Koninklijke Ahold Delhaize Nv,AD,,
Regal Rexnord Corp,RRX,,
Leggett & Platt Inc,LEG,,
British American Tobacco,BATS,,
Carvana Co,CVNA,,
Dine Brands Global Inc,DIN,,
Williams Sonoma Inc,WSM,,
Tribune Publishing Co,TPCO,,
FBL Financial Group Inc,FFG,,
Celanese Corp,CE,,
Carlyle Group Inc,CG,,
CSX Corp,CSX,,
Quanta Services Inc,PWR,,
Enphase Energy Inc,ENPH,,
Avery Dennison Corp,AVY,,
Bally's Corp,BALY,,
FMC Corp,FMC,,
Hologic Inc,HOLX,,
Palo Alto Networks Inc,PANW,,
Performance Food Group Co,PFGC,,
Service Properties Trust,SVC,,
Teledyne Technologies Inc,TDY,,
Celcuity Inc,CELC,,
Goldman Sachs Group Inc,GS,,
Herbalife Nutrition Ltd,HLF,,
STMicroelectronics,STM,,
Vivint Smart Home Inc,VVNT,,
Freeport-Mcmoran Inc,FCX,,
Simpson Manufacturing Co Inc,SSD,,
Advanced Energy Industries Inc,AEIS,,
Brooks Automation Inc,BRKS,,
Banco Bilbao Vizcaya Argentaria Sa,BBVA,,
Telekomunikasi Indonesia(Persero),TLKM,,
CareCloud Inc,MTBC,,
WeWork Inc,WE,,
NIO Inc,NIO,,
Chipotle Mexican Grill Inc,CMG,,
Seagate Technology Holdings Plc,STX,,
LCI Industries,LCII,,
MarketAxess Holdings Inc,MKTX,,
DoorDash Inc,DASH,,
Heron Therapeutics Inc,HRTX,,
Digital Realty Trust Inc,DLR,,
Seagen Inc,SGEN,,
Alaska Air Group Inc,ALK,,
Flir Systems Inc,FLIR,,
Kratos Defense & Security Solutions Inc,KTOS,,
Allegro Microsystems Inc,ALGM,,
GFL Environmental Inc,GFL,,
Rackspace Technology Inc,RXT,,
Northrop Grumman Corp,NOC,,
Revolve Group Inc,RVLV,,
MPLX LP,MPLX,,
South State Corp,SSB,,
Healthequity Inc,HQY,,
BlackRock Ultra Short-Term Bond ETF,ICSH,,
Vanguard S&P 500 ETF,VOO,,
Akamai Technologies Inc,AKAM,,
Cerner Corp,CERN,,
Houlihan Lokey Inc,HLI,,
Primerica Inc,PRI,,
Virgin Galactic Holdings Inc,SPCE,,
Plexus Corp,PLXS,,
Corteva Inc,CTVA,,
Centene Corp,CNC,,
Hannon Armstrong Sustainable Infrastructure Capital Inc,HASI,,
Honest Company Inc,HNST,,
Quidel Corp,QDEL,,
Qurate Retail Inc,QRTEA,,
Trade Desk Inc,TTD,,
NGL Energy Partners Lp,NGL,,
Haemonetics Corp,HAE,,
Expeditors International Of Washington Inc,EXPD,,
Lumber Liquidators Holdings Inc,LL,,
Anaplan Inc,PLAN,,
M&T Bank Corp,MTB,,
United States Steel Corp,X,,
Pacira Biosciences Inc,PCRX,,
LendingTree Inc,TREE,,
Sabre Corp,SABR,,
BTC iShares S&P 500 Growth ETF,IVW,,
Vanguard Total Stock Market Index Fund Institutional Shares,VITSX,,
PIMCO Short Asset Investment Fund Institutional Class,PAIDX,,
Trimas Corp,TRS,,
Vanguard Long-Term Tax-Exempt Fund Admiral Shares,VWLUX,,
BRP Group Inc,BRP,,
Marriott International Inc,MAR,,
St Joe Co,JOE,,
Teradata Corporation,TDC,,
Golden Star Resources Ltd,GSC,,
Oramed Pharmaceuticals Inc,ORMP,,
Onespaworld Holdings Ltd,OSW,,
Oaktree Specialty Lending Corp,OCSL,,
Cargurus Inc,CARG,,
Yatra Online Inc,YTRA,,
Fortive Corp,FTV,,
iShares MSCI United Kingdom ETF,EWU,,
iShares Gold Trust,IAU,,
SSgA SPDR S&P 600 Small Cap Growth ETF,SLYG,,
SPDR Portfolio S&P 500 Growth ETF,SPYG,,
SPDR Portfolio S&P 500 Value ETF,SPYV,,
Vanguard Real Estate Index Fund ETF,VNQ,,
iShares Russell 2000 ETF,IWM,,
Westwood SmallCap Fund Institutional Class,WHGSX,,
Henry Schein Inc,HSIC,,
Willis Towers Watson Plc,WLTW,,
General Finance Corp,GFN,,
Natera Inc,NTRA,,
Emcore Corp,EMKR,,
Vanguard FTSE Developed Markets Index Fund ETF,VEA,,
GoPro Inc,GPRO,,
Tegna Inc,TGNA,,
Vanguard Utilities ETF,VPU,,
Lululemon Athletica Inc,LULU,,
Editas Medicine Inc,EDIT,,
Bp Midstream Partners Lp,BPMP,,
Baxter International Inc,BAX,,
Suncor Energy Inc,SU,,
Airbnb Inc,ABNB,,
Dassault Systemes Sa,DSY,,
Lonza Group AG,LONN,,
Dish Network Corp,DISH,,
Gan Ltd,GAN,,
Nuance Communications Inc,NUAN,,
Aemetis Inc,AMTX,,
CSIM Schwab US Dividend Equity ETF,SCHD,,
Lithia Motors Inc,LAD,,
Ollie's Bargain Outlet Holdings Inc,OLLI,,
UFP Industries Inc,UFPI,,
Aflac Inc,AFL,,
Blackbaud Inc,BLKB,,
Hexcel Corp,HXL,,
International Flavors & Fragrances Inc,IFF,,
Interpublic Group Of Companies Inc,IPG,,
Jones Lang Lasalle Inc,JLL,,
LHC Group Inc,LHCG,,
Mccormick & Co Inc,MKCV,,
New York Times Co,NYT,,
Omnicell Inc,OMCL,,
Ormat Technologies Inc,ORA,,
Paycom Software Inc,PAYC,,
Reinsurance Group Of America Inc,RGA,,
Stryker Corp,SYK,,
Unilever Plc,ULVR,,
Wabtec Corp,WAB,,
CM Life Sciences III Inc,CMLTU,,
Central Garden & Pet Co,CENT,,
Clearway Energy Inc,CWEN/A,,
Colgate Palmolive Co,CL,,
Xcel Energy Inc,XEL,,
Cullen Frost Bankers Inc,CFR,,
Occidental Petroleum Corp,OXY,,
Open Lending Corp,LPRO,,
Chubb Ltd,CB,,
FS KKR Capital Corp Il,FSKR,,
Hall of Fame Resort & Entertainment Co,HOFV,,
RH,RH,,
E2open Parent Holdings Inc,ETWO,,
Gray Television Inc,GTNA,,
Marcus Corp,MCS,,
QCR Holdings Inc,QCRH,,
Shake Shack Inc,SHAK,,
Sprott Focus Trust Inc,FUND,,
Stellantis N.V,STLA,,
Caci International Inc,CACI,,
Magnolia Oil & Gas Corp,MGY,,
Lord Abbett Floating Rate High Income Fund,LFHAX,,
Align Technology Inc,ALGN,,
Bio-Rad Laboratories Inc,BIO,,
Cornerstone Building Brands Inc,CNR,,
Ebay Inc,EBAY,,
Graco Inc,GGG,,
Gentex Corp,GNTX,,
Hershey Co,HSY,,
Idex Corp,IEX,,
Nordson Corp,NDSN,,
NetEase Inc,NTES,,
SEI Investments Co,SEIC,,
Snap-On Inc,SNA,,
Skyworks Solutions Inc,SWKS,,
Vmware Inc,VMW,,
West Pharmaceutical Services Inc,WST,,
GoodRx Holdings Inc,GDRX,,
Bridge Builder Core Plus Bond Fund,BBCPX,,
Bridge Builder SmallMid Cap Growth Fund,BBGSX,,
Bridge Builder Core Bond Fund ,BBTBX,,
Bridge Builder Large Cap Value Fund,BBVLX,,
iShares Russell Mid-Cap Growth ETF,IWP,,
Diversey Holdings Ltd,DSEY,,
Ecolab Inc,ECL,,
Republic Services Inc,RSG,,
BTC iShares 7-10 Year Treasury Bond ETF,IEF,,
QuantumScape Corp,QS,,
ASML Holding N.V.,ASML,,
Nisource Inc,NI,,
Lgi Homes Inc,LGIH,,
Sonoco Products Co,SON,,
Aramark,ARMK,,
Crown Castle International Corp,CCI,,
CDW Corp,CDW,,
Veeva Systems Inc,VEEV,,
iShares Russel 1000 ETF,IWB,,
Vanguard FTSE All-World ex-US ETF,VEU,,
Shopify Inc,SHOP,,
Sensata Technologies Holding plc,ST,,
Acasti Pharma Inc,ACST,,
Castor Maritime Inc,CTRM,,
Americold Realty Trust,COLD,,
ProShares S&P MidCap 400 Dividend Aristocrats ETF,REGL,,
Elastic NV,ESTC,,
Synopsys Inc,SNPS,,
Bank Of Hawaii Corp,BOH,,
Hess Corp,HES,,
Blueknight Energy Partners LP,BKEP,,
Carlisle Companies Inc,CSL,,
Dover Corp,DOV,,
Bancorpsouth Inc,BXS,,
US Foods Holding Corp,USFD,,
Morrison (Wm) Supermarkets,MRW,,
WPP,WPP,,
Rogers Corp,ROG,,
Synovus Financial Corp,SNV,,
Allegiant Travel Co,ALGT,,
Pool Corp,POOL,,
Sema4 Holdings Corp,SMFR,,
Embraer S.A.,EMBR3,,
Adidas AG,ADS,,
Graham Holdings Co,GHC,,
United Bankshares Inc,UBSI,,
FTI Consulting Inc,FCN,,
Insight Enterprises Inc,NSIT,,
Trinity Industries Inc,TRN,,
Caredx Inc,CDNA,,
Norwegian Cruise Line Holdings Ltd,NCLH,,
Cboe Global Markets Inc,CBOE,,
Vroom Inc,VRM,,
Oceanfirst Financial Corp,OCFC,,
Proofpoint Inc,PFPT,,
Silicon Laboratories Inc,SLAB,,
Genpact Ltd,G,,
Robert Half International Inc,RHI,,
Smith & Nephew,SN/,,
Five9 Inc,FIVN,,
Equifax Inc,EFX,,
Hudson Pacific Properties Inc,HPP,,
Illumina Inc,ILMN,,
Vornado Realty Trust,VNO,,
Hubspot Inc,HUBS,,
Axalta Coating Systems Ltd,AXTA,,
BAE Systems,BA/,,
ConocoPhillips,COP,,
Everbridge Inc,EVBG,,
Meridian Bioscience Inc,VIVO,,
WillScot Mobile Mini Holdings Corp.,WSC,,
Genuine Parts Co,GPC,,
Analog Devices Inc,ADI,,
CCC Intelligent Solutions Holdings Inc,CCCS,,
Leslie's Inc,LESL,,
Ambev S.A.,ABEV3,,
Alliance Data Systems Corp,ADS,,
Air Liquide,AI,,
Alcon Inc,ALC,,
Alfa Laval AB,ALFA,,
Atlas Copco AB,ATCOA,,
Check Point Software Technologies,CHKP,,
Canadian National Railway Company,CNR,,
DBS Group Holdings Ltd,D05,,
Epiroc AB,EPIA,,
Fomento Economico Mexicano S.A.B. De C.V,FEMSAUB,,
Fuchs Petrolub SE,FPE,,
ICICI Bank Limited,ICICIBC,,
Itau Unibanco Holding SA,ITUB3,,
Pjsc Lukoil,LKOH_T2,,
Novozymes AS,NZYMB,,
Rio Tinto,RIO,,
SGS Sa,SGSN,,
Schneider Electric SE,SU,,
Symrise AG,SY1,,
Yandex NV,YNDX,,
Blackline Inc,BL,,
Acadia Healthcare Company Inc,ACHC,,
Air Lease Corp,AL,,
Athene Holding Ltd,ATH,,
Franklin Resources Inc,BEN,,
Corelogic Inc,CLGX,,
CMS Energy Corp,CMS,,
Encompass Health Corp,EHC,,
Eastman Chemical Co,EMN,,
Diamondback Energy Inc,FANG,,
Gaming & Leisure Properties Inc,GLPI,,
Hill-Rom Holdings Inc,HRC,,
HSBC Holdings,HSBA,,
Jabil Inc,JBL,,
Mosaic Co,MOS,,
Newmont Corp,NEM,,
Onemain Holdings Inc,OMF,,
Insulet Corp,PODD,,
ResMed Inc,RMD,,
Santander Consumer USA Holdings Inc,SC,,
Sealed Air Corp,SEE,,
Schlumberger Limited,SLB,,
Target Corp,TGT,,
Toll Brothers Inc,TOL,,
Univar Solutions Inc,UNVR,,
Wyndham Hotels & Resorts Inc,WH,,
Western Union Co,WU,,
Cimarex Energy Co,XEC,,
Realpage Inc,RP,,
Slack Technologies Inc,WORK,,
Electrameccanica Vehicles Corp,SOLO,,
Alpha & Omega Semiconductor Ltd,AOSL,,
Aurora Cannabis Inc,ACB,,
Arena Pharmaceuticals Inc,ARNA,,
Cronos Group Inc,CRON,,
Tilray Inc,TLRY,,
Canopy Growth Corp,WEED,,
Grubhub Inc,GRUB,,
Sprague Resources Lp,SRLP,,
Berry Global Group Inc,BERY,,
Graphic Packaging Holding Co,GPK,,
iShares MSCI Emerging Markets ETF,EEM,,
First Trust Emerging Markets Small Cap AlphaDEX Fund,FEMS,,
Gold & Gemstone Mining Inc,GGSM,,
Smurfit Kappa Group,SK3,,
Channeladvisor Corp,ECOM,,
Penn National Gaming Inc,PENN,,
Wesco International Inc,WCC,,
Brookfield Renewable Corporation,BEPC,,
Brookfield Infrastructure Corporation,BIPC,,
Amdocs,DOX,,
Darden Restaurants Inc,DRI,,
Yeti Holdings Inc,YETI,,
Medical Marijuana Inc,MJNA,,
Entergy Corp,ETR,,
Royal Bank Of Canada,RY,,
Domo Inc,DOMO,,
Firstcash Inc,FCFS,,
Nvent Electric Plc,NVT,,
Safeguard Scientifics Inc,SFE,,
ACAP Strategic Fund,XCAPX,,
Qumu Corp,QUMU,,
Atmos Energy Corp,ATO,,
Kraft Heinz Co,KHC,,
Vertex Pharmaceutical Inc,VRTX,,
Wec Energy Group Inc,WEC,,
Azek Company Inc,AZEK,,
Grocery Outlet Holding Corp,GO,,
Mattel Inc,MAT,,
Ab High Income Fund Inc,AGDAX,,
Bernstein Intermediate Duration Portfolio,SNIDX,,
3D Systems Corp,DDD,,
DermTech Inc,DMTK,,
American Financial Group Inc,AFG,,
Paychex Inc,PAYX,,
Algonquin Power & Utilities Corp,AQN,,
Evo Payments Inc,EVOP,,
Viavi Solutions Inc,VIAV,,
Fastly Inc,FSLY,,
Nymox Pharmaceutical Corporation,NYMX,,
iShares S&P 500 Index Fund Institutional Shares,BSPIX,,
BTC iShares CMBS ETF,CMBS,,
DoubleLine Emerging Markets Income Fund Class I,DBLEX,,
DTE Energy Co,DTE,,
Fortune Brands Home & Security Inc,FBHS,,
First Trust Exchange-Traded Fund IV,FCVT,,
General Dynamics Corp,GD,,
Goldman Sachs Activebeta Emerging Markets Equity Etf,GEM,,
Hasbro Inc,HAS,,
HP Inc,HPQ,,
FlexShares STOXX Global Broad Infrastructure Index Fund,NFRA,,
Nuance Mid Cap Value Fund ,NMVZX,,
CSIM Schwab U.S. Tips ETF,SCHP,,
Vanguard Tax-Managed Fund Balanced Fund ,VTMFX,,
Liberty Media Acquisition Corp,LMACU,,
Pagseguro Digital Ltd,PAGS,,
Lee Enterprises Inc,LEE,,
BTC iShares iBonds Dec 2023 Term Corporate ETF,IBDO,,
iShares iBonds Dec 2022 Term Treasury ETF,IBTB,,
iShares iBonds Dec 2026 Term Treasury ETF,IBTG,,
iShares iBonds Dec 2027 Term Treasury ETF,IBTH,,
iShares iBonds Dec 2028 Term Treasury ETF,IBTI,,
iShares iBonds Dec 2029 Term Treasury ETF,IBTJ,,
BTC iShares iBoxx USD Investment Grade Corporate Bond ETF,LQD,,
Invesco Optimum Yield Diversified Commodity Strategy No K-1 ETF,PDBC,,
SSqA SPDR S&P 600 Small Cap Value ETF,SLYV,,
SPDR Portfolio Developed World ex-US ETF,SPDW,,
SPDR Portfolio Intermediate Term Treasury ETF,SPTI,,
SSgA Financial Select Sector SPDR,XLF,,
Smucker J M Co,SJM,,
Pinnacle West Capital Corp,PNW,,
Coherent Inc,COHR,,
Janus International Group Inc,JBI,,
Stag Industrial Inc,STAG,,
Vertiv Holdings Co,VRT,,
Dana Inc,DAN,,
ETF Series Solutions Trust,JETS,,
Knight-Swift Transportation Holdings Inc,KNX,,
Fluor Corp,FLR,,
ChampionX Corp,CHX,,
Duke Realty Corp,DRE,,
Goodyear Tire & Rubber Co,GT,,
Hartford Multifactor Developed Markets (Ex-Us) ETF,RODM,,
Malayan Banking Berhad,MAY,,
Origin Energy Limited,ORG,,
Virtus AllianzGI Artificial Intelligence & Technology Opportunities Fund,AIO,,
Cia Energetica De Minas Gerais,CIG,,
Equinor ASA,EQNR,,
Telefonaktiebolaget L M Ericsson,ERICB,,
Major Drilling Group International Inc,MDI,,
Newcrest Mining Limited,NCM,,
Precision Drilling Corp,PD,,
Turkcell Iletisim Hizmetleri A.S.,TCELL,,
Tesco,TSCO,,
Telefônica Brasil S.A,VIVT3,,
Woolworths Group Limited,WOW,,
Yamana Gold Inc,YRI,,
Datadog Inc,DDOG,,
Proshares Trust,PSQ,,
ProShares Short S&P500,SH,,
Orasure Technologies Inc,OSUR,,
Aerojet Rocketdyne Holdings Inc,AJRD,,
CubeSmart,CUBE,,
Li Auto Inc,LI,,
Flex Ltd,FLEX,,
Penske Automotive Group Inc,PAG,,
Change Healthcare Inc,CHNG,,
Zscaler Inc,ZS,,
Cnfinance Holdings Ltd,CNF,,
Magna International Inc,MG,,
Arrow Electronics Inc,ARW,,
Assembly Biosciences Inc,ASMB,,
Compass Minerals International Inc,CMP,,
Hormel Foods Corp,HRL,,
Prudential Financial Inc,PRU,,
Reata Pharmaceuticals Inc,RETA,,
Sorrento Therapeutics Inc,SRNE,,
SSgA Materials Select Sector SPDR,XLB,,
Innovative Technology Portfolio Series 22 - Cash,FNRVGX,,
Ameriprise Financial Inc,AMP,,
Novartis AG,NOVN,,
Selective Insurance Group Inc,SIGI,,
Abiomed Inc,ABMD,,
New Oriental Education & Technology,EDU,,
People's United Financial Inc,PBCT,,
Antero Resources Corp,AR,,
Coterra Energy Inc,CTRA,,
Consolidated Edison Inc,ED,,
Edison International,EIX,,
Eog Resources Inc,EOG,,
EQT Corp,EQT,,
Halliburton Co,HAL,,
Marathon Petroleum Corp,MPC,,
Public Service Enterprise Group Inc,PEG,,
Sempra Energy,SRE,,
Textron Inc,TXT,,
Huntington Ingalls Industries Inc,HII,,
Biomarin Pharmaceutical Inc,BMRN,,
Dow Inc,DOW,,
ALPS Medical Breakthroughs ETF,SBIO,,
Pershing Square Tontine Holdings Ltd,PSTH,,
Guardant Health Inc,GH,,
Cloudflare Inc,NET,,
Ideal Power Inc,IPWR,,
Castle Biosciences Inc,CSTL,,
ICU Medical Inc,ICUI,,
Phreesia Inc,PHR,,
Veracyte Inc,VCYT,,
Hd Supply Holdings Inc,HDS,,
Dun & Bradstreet Holdings Inc,DNB,,
Crane Co,CR,,
Frontdoor Inc,FTDR,,
Incyte Corp,INCY,,
Kellogg Co,K,,
Compagnie De St-Gobain,SGO,,
Eaton Vance Tax-Managed Diversified Equity Income Fund,ETY,,
Exp World Holdings Inc,EXPI,,
Cousins Properties Inc,CUZ,,
New Economy Fund ,ANEFX,,
Smallcap World Fund Inc,SMCWX,,
Arconic Corp,ARNC,,
Citizens Financial Group,CFG,,
Jack Henry & Associates Inc,JKHY,,
iShares Russell 2000 Value ETF,IWN,,
Viasat Inc,VSAT,,
Washington Mutual Investors Fund,AWSHX,,
Investment Company,INV,,
Brady Corp,BRC,,
White Mountains Insurance Group Ltd,WTM,,
Inogen Inc,INGN,,
Cardtronics Plc,CATM,,
Rite Aid Corp,RAD,,
American Balanced Fund,AMBFX,,
Amcap Fund,AMCPX,,
American Mutual Fund,AMRMX,,
Tripadvisor Inc,TRIP,,
Vanguard U.S. Growth Fund Admiral Class,VWUAX,,
Albertsons Companies Inc,ACI,,
Laboratory Corp Of America Holdings,LH,,
Snowflake Inc,SNOW,,
Thermon Group Holdings Inc,THR,,
Donaldson Co Inc,DCI,,
Apartment Income REIT Corp,AIRC,,
Apartment Investment & Management Co,AIV,,
Goldman Sachs SmallMid-Cap Growth Fund Institutional Class,GSMYX,,
Applied Industrial Technologies Inc,AIT,,
Navigator Holdings Ltd,NVGS,,
Yext Inc,YEXT,,
Global X US Infrastructure Development ETF,PAVE,,
Bluebird Bio Inc,BLUE,,
United States Oil Fund Lp,USO,,
Flowserve Corp,FLS,,
T. Rowe Price Real Estate Fund Class I,TIRRX,,
Medpace Holdings Inc,MEDP,,
Goldman Sachs Activebeta U.S. Large Cap Equity Etf,GSLC,,
Vanguard Dividend Appreciation FTF,VIG,,
Crestwood Equity Partners Lp,CEQP,,
Aberdeen Emerging Markets Equity Income Fund Inc,AEF,,
Harding Loevner International Equity Portfolio Institutional Class,HLMIX,,
Ishares Core MSCI EAFE ETF,IEFA,,
Enpro Industries Inc,NPO,,
Woodward Inc,WWD,,
Zions Bancorporation National Association Ut,ZION,,
Liberty Tripadvisor Holdings Inc,LTRPA,,
Superior Energy Services Inc,SPNX,,
DFA International Small Company Portfolio,DFISX,,
Fidelity Advisor Global Commodity Stock Fund Class I,FFGIX,,
BTC iShares S&P Small-Cap 600 Growth ETF,IJT,,
Matthews Emerg Mkt Small Companies Fund Usd Cls Inst,MISMX,,
Oakmark International Small Cap Fund Institutional Class,OANEX,,
T. Rowe Price New Asia Fund I Class,PNSIX,,
T. Rowe Price International Discovery Fund I Class,TIDDX,,
Vanguard European Stock Index Fund Admiral Class,VEUSX,,
Zebra Technologies Corp,ZBRA,,
Gladstone Land Corp,LAND,,
Encore Capital Group Inc,ECPG,,
World Fuel Services Corp,INT,,
CMC Materials Inc,CCMP,,
Healthy Extracts Inc,HYEX,,
VGP N.V.,VGP,,
Northern Trust Corp,NTRS,,
Sun Communities Inc,SUI,,
LVMH Moet-Hennessy Louis Vuitton,MC,,
Petros Pharmaceuticals Inc,PTPI,,
Cerence Inc,CRNC,,
Afterpay Limited,APT,,
Evolution AB,EVO,,
Logitech International Sa,LOGI,,
Golar LNG Partners LP,GMLP,,
Cogent Communications Holdings Inc,CCOI,,
First Trust Value Line Dividend Fund,FVD,,
Southwestern Energy Co,SWN,,
Portland General Electric Co,POR,,
Tyson Foods Inc,TSN,,
The Health Care Select Sector SPDR,XLV,,
Bruker Corp,BRKR,,
Centrotec Sustainable,CEV,,
Artisan Partners Asset Management Inc,APAM,,
Cryoport Inc,CYRX,,
Helen Of Troy Ltd,HELE,,
Paylocity Holding Corp,PCTY,,
Rapid7 Inc,RPD,,
The Shyft Group Inc,SHYF,,
Patient Access Solutions Inc,PASO,,
Regions Financial Corp,RF,,
Reaves Utility Income Fund,UTG,,
Republic Bancorp Inc,RBCAA,,
Brookfield Infrastructure Partners LP,BIP/UN,,
Financial Institutions Inc,FISI,,
Franco-Nevada Corporation,FNV,,
Ciena Corp,CIEN,,
ACI Worldwide Inc,ACIW,,
Sprott Physical Gold And Silver Trust,CEF,,
Corning Inc,GLW,,
Genmab AS,GMAB,,
Cohen & Steers Ltd Duration Preferred & Income Fund Inc,LDP,,
Maxar Technologies Inc,MAXR,,
Intellia Therapeutics Inc,NTLA,,
Omega Healthcare Investors Inc,OHI,,
Pan American Silver Corp,PAAS,,
Pacer Funds Trust,PTLC,,
Pacer Trendpilot 100 ETF,PTNQ,,
VanEck Vectors Retail ETF,RTH,,
Silvergate Capital Corp,SI,,
Pacer Benchmark Data & Infrastructure Real Estate,SRVR,,
Western Asset Inflation-Linked Opportunities & Income Fund,WIW,,
Spdr S&P Aerospace & Defense ETF,XAR,,
Power Solutions International Inc,PSIX,,
Teladoc Health Inc,TDOC,,
Ingersoll-Rand,INGR,,
Vertex Inc,VERX,,
Inphi Corp,IPHI,,
VanEck Vectors Oil Services ETF,OIH,,
FuboTV Inc,FUBO,,
Summit Midstream Partners Lp,SMLP,,
Delta Air Lines Inc,DAL,,
Marriott Vacations Worldwide Corp,VAC,,
Atlassian Corporation,TEAM,,
Insperity Inc,NSP,,
Dropbox Inc,DBX,,
Cohen & Steers Inc,CNS,,
Minerals Technologies Inc,MTX,,
Ritchie Bros Auctioneers Inc,RBA,,
Supernus Pharmaceuticals Inc,SUPN,,
Anheuser-Busch In Bev Nv,ABI,,
ABN amro bank N.V,ABN,,
Credit Agricole,ACA,,
ACS Actividades De Construccion Y Servicios,ACS,,
Aegon NV,AGN,,
Ageas N.V.,AGS,,
Australia & New Zealand Banking Group Limited,ANZ,,
Atlantia,ATL,,
Barclays,BARC,,
BASF SE,BAS,,
Beigene Ltd,BGNE,,
Keppel Corporation Limited,BN4,,
Commonwealth Bank Of Australia,CBA,,
Commerzbank Ag,CBK,,
Carnival,CCL,,
Galp Energia Sgps,GALP,,
Societe Generale,GLE,,
Imperial Brands,IMB,,
Intesa Sanpaolo SPA,ISP,,
Natixis,KN,,
Deutsche Lufthansa Ag,LHA,,
Lloyds Banking Group,LLOY,,
A.P. Moller - Maersk AS,MAERSKA,,
Mediobanca Spa,MB,,
Micro Focus International,MCRO,,
Melco Resorts & Entertainment Ltd,MLCO,,
National Australia Bank Limited,NAB,,
NatWest Group,NWG,,
OMV AG,OMV,,
Porsche Automobil Holding Se,PAH3,,
Pandora AS,PNDORA,,
Prudential,PRU,,
Repsol Ypf Sa,REP,,
Rolls-Royce Holdings,RR/,,
Banco Santander Sa,SAN,,
SKF AB,SKFB,,
Swiss Re Ag,SREN,,
Sodexo,SW,,
Telefonica Sa,TEF,,
Telia Company AB,TELIA,,
Tenaris S.A.,TEN,,
Teva Pharmaceutical Industries Ltd,TEVA,,
Telstra Corporation Limited,TLS,,
TotalEnergies SE,TTE,,
Vonovia SE,VNA,,
Koninklijke Vopak N.V.,VPK,,
Westpac Banking Corporation,WBC,,
Woodside Petroleum Limited,WPL,,
Deutsche Post Ag,DPW,,
Alnylam Pharmaceuticals Inc,ALNY,,
Amphenol Corp,APH,,
Beyond Meat Inc,BYND,,
Castlight Health Inc,CSLT,,
Sunrun Inc,RUN,,
Zuora Inc,ZUO,,
Ashford Hospitality Trust Inc,AHT,,
Holly Energy Partners Lp,HEP,,
Texas Capital Bancshares Inc,TCBI,,
Targa Resources Corp,TRGP,,
Herc Holdings Inc,HRI,,
MultiPlan Corp,MPLN,,
Direxion Daily Financial Bull 3x Shares,FAS,,
BlackRock Latin America I,MALTX,,
T. Rowe Price Latin America Fund I Class,RLAIX,,
Lions Gate Entertainment Corp,LGFA,,
Old Republic International Corp,ORI,,
Gaslog Partners LP,GLOP,,
Martin Midstream Partners Lp,MMLP,,
Vanguard Energy Fund Admiral Class,VGELX,,
Cvr Energy Inc,CVI,,
AMN Healthcare Services Inc,AMN,,
Noble Midstream Partners Lp,NBLX,,
Western Asset Intermediate Muni Fund Inc,SBI,,
Sarepta Therapeutics Inc,SRPT,,
Beam Global,BEEM,,
Aphria Inc,APHA,,
Invitation Homes Inc,INVH,,
National Grid,NG/,,
Skechers USA Inc,SKX,,
Vanguard Materials ETF,VAW,,
ProShares UltraShort FTSE China 50,FXP,,
ProShares UltraPro Short Russell2000,SRTY,,
Vanguard S&P 500 Growth ETF,VOOG,,
Vanguard S&P 500 Value ETF,VOOV,,
Aecom ,ACM,,
Shutterstock Inc,SSTK,,
Rogers Communications Inc,RCI/B,,
Seacoast Banking Corp Of Florida,SBCF,,
Te Connectivity Ltd,TEL,,
Angel Oak Multi Strategy Income Fund Institutional,ANGIX,,
Axonic Strategic Income Fund USD Cls I,AXSIX,,
DFA International Core Equity Portfolio,DFIEX,,
DFA U.S. Small Cap Growth Portfolio,DSCGX,,
JPMorgan Strategic Income Opportunities Fund Class I,JSOSX,,
Pioneer Multi-Asset Ultrashort Income Fund Class Y,MYFRX,,
Principal Spectrum Preferred and Capital Securities Income Fund class,PPSIX,,
RiverNorth Double Line Strategic Income Fund Class I,RNSIX,,
Invesco Equally Weighted S&P Fund Class Y,VADDX,,
Arista Networks Inc,ANET,,
Avalonbay Communities Inc,AVB,,
Equity Residential,EQR,,
Exelon Corp,EXC,,
Hewlett Packard Enterprise Co,HPE,,
Kirby Corp,KEX,,
Pilgrims Pride Corp,PPC,,
Perrigo Co,PRGO,,
Sage Therapeutics Inc,SAGE,,
Vistra Corp,VST,,
Western Digital Corp,WDC,,
WEX Inc,WEX,,
Brightview Holdings Inc,BV,,
Bottomline Technologies Inc,EPAY,,
Evercore Inc,EVR,,
ExlService Holdings Inc,EXLS,,
Hillenbrand Inc,HI,,
Inovalon Holdings Inc,INOV,,
Douglas Dynamics Inc,PLOW,,
Quotient Technology Inc,QUOT,,
Stericycle Inc,SRCL,,
Terminix Global Holdings Inc,TMX,,
Verint Systems Inc,VRNT,,
Growth Fund Of America,GFAFX,,
Reynolds Consumer Products Inc,REYN,,
IShares Core S&P Small-Cap ETF,IJR,,
ARK Genomic Revolution ETF,ARKG,,
Baidu Inc,BIDU,,
Ameris Bancorp,ABCB,,
Helios Technologies Inc,HLIO,,
Pacific Premier Bancorp Inc,PPBI,,
Webster Financial Corp,WBS,,
Proto Labs Inc,PRLB,,
Canadian Solar Inc,CSIQ,,
Guggenheim Limited Duration Fund Institutional Class,GILHX,,
Lord Abbett Investment Trust Short Duration Income Fund Class A,LALDX,,
Nuveen Equity Market Neutral Fund Class I,NIMEX,,
Invesco S&P SmallCap Information Technology ETF,PSCT,,
PIMCO Funds Low Duration Fund Class Institutional,PTLDX,,
CSIM Schwab International Equity ETF,SCHF,,
T. Rowe Price Multi-Strategy Total Return Fund - Investor Class,TMSRX,,
Vanguard Short-Term Investment Grade Fund Investor Class,VFSTX,,
Vanguard International Growth Fund Investor Class,VWIGX,,
Alerian MLP ETF,AMLP,,
First Trust North American Energy Infrastructure Fund,EMLP,,
Lyft Inc,LYFT,,
Tortoise North American Pipeline Fund ETF,TPYP,,
iShares Silver Trust,SLV,,
SPDR Homebuilders ETF,XHB,,
Communication Services Select Sector SPDR Fund ,XLC,,
Industrial Select Sector SPDR,XLI,,
Technology Select Sector Spdr Etf,XLK,,
Silgan Holdings Inc,SLGN,,
Blackrock Municipal Income Quality Trust,BYM,,
Western Midstream Partner Lp,WES,,
API Group Corp,APG,,
SPDR DoubleLine Emerging Markets Fixed Income ETF,EMTL,,
Goldman Sachs Access Investment Grade Corporate Bond ETF,GIGB,,
Universal Display Corp,OLED,,
10X Genomics Inc,TXG,,
BTC iShares MSCI EAFE Small-Cap ETF,FRKYX,,
Grandeur Peak International Stalwarts Fund Institutional Class,GISYX,,
Pra Group Inc,PRAA,,
Federated Hermes MDT Series,QISCX,,
Cathay General Bancorp,CATY,,
Cryolife Inc,CRY,,
Meridian Bancorp Inc,EBSB,,
Horace Mann Educators Corp,HMN,,
Integra Lifesciences Holdings Corp,IART,,
Primoris Services Corp,PRIM,,
Coupa Software Inc,COUP,,
Proassurance Corp,PRA,,
Smith(A.O.)Corp,AOS,,
Novavax Inc,NVAX,,
Knowles Corp,KN,,
SP Plus Corp,SP,,
Westell Technologies Inc,WSTL,,
Amedisys Inc,AMED,,
Cognex Corp,CGNX,,
Lennox International Inc,LII,,
Neogen Corp,NEOG,,
Rollins Inc,ROL,,
Bio-Techne Corp,TECH,,
Persimmon,PSN,,
Cheniere Energy Inc,LNG,,
Nextera Energy Partners Lp,NEP,,
Sunoco Lp,SUN,,
Tc Pipelines Lp,TCP,,
TC Energy Corp,TRP,,
Aes Corp,AES,,
Cardinal Health Inc,CAH,,
Dorman Products Inc,DORM,,
Blackrock Credit Allocation Income Trust,BTZ,,
Blackrock Debt Strategies Fund Inc,DSU,,
BTC iShares MSCI EAFE Growth ETF,EFG,,
iShares Trust iShares ESG Aware MSCI USA ETF,ESGU,,
Eaton Vance Ltd Duration Income Fund,EVV,,
Goldman Sachs Dynamic Municipal Income Fund Institutional Class,GSMTX,,
Hartford Core Equity Fund Class I,HGIIX,,
BTC iShares International Select Dividend ETF,IDV,,
iShares U.S. Medical Devices ETF,IHI,,
PIMCO Municipal Bond Fund Class I-2,PMUPX,,
Global X Super Dividend ETF,SDIV,,
BTC iShares MSCI USA Min Vol Factor ETF,USMV,,
MSC Industrial Direct Co Inc,MSM,,
Terreno Realty Corp,TRNO,,
Ceridian Hcm Holding Inc,CDAY,,
Bank Of Montreal,BMO,,
Workhorse Group Inc,WKHS,,
Apollo Endosurgery Inc,APEN,,
PBF Energy Inc,PBF,,
Liberty Global Plc,LBTYA,,
Templeton Global Bond Fund Advisor Class,TGBAX,,
Thornburg Limited Term Income Fund Class I,THIIX,,
Wpx Energy Inc,WPE,,
Agree Realty Corp,ADC,,
Assured Guaranty Ltd,AGO,,
CF Industries Holdings Inc,CF,,
Cincinnati Financial Corp,CINF,,
Comerica Inc,CMA,,
Centerpoint Energy Inc,CNP,,
EPR Properties,EPR,,
Evergy Inc,EVRG,,
Keycorp,KEY,,
Loews Corp,L,,
Molina Healthcare Inc,MOH,,
Mylan II B.V.,MYL,,
Post Holdings Inc,POST,,
Everest Re Group Ltd,RE,,
Universal Health Services Inc,UHS,,
Ulta Beauty Inc,ULTA,,
Yum Brands Inc,YUM,,
Levi Strauss & Co,LEVI,,
Momenta Pharmaceuticals Inc,MNTA,,
Avalara Inc,AVLR,,
Perkinelmer Inc,PKI,,
Svenska Cellulosa AB SCA,SCAB,,
Janus Henderson SmallMid Cap Growth Alpha ETF,JSMD,,
Aberdeen Ultra Short Municipal Income Fund,ATOAX,,
Franklin Kentucky Tax Free Income Fund Class A1,FRANKLIN,,
Principal U.S. Mega-Cap Multifactor Index ETF,USMC,,
Vanguard Consumer Staples ETF,VDC,,
Energizer Holdings Inc,ENR,,
Udr Inc,UDR,,
Chuy's Holdings Inc,CHUY,,
Dril-Quip Inc,DRQ,,
Us Ecology Inc,ECOL,,
Old Westbury Small & Mid Cap Strategies Fund,OWSMX,,
Amcor plc,AMC,,
Farfetch Ltd,FTCH,,
Invesco Fundamental High Yield Corporate Bond ETF,PHB,,
First Hawaiian Inc,FHB,,
Cummins Inc,CMI,,
Vanguard U.S. Growth Fund Investor Class,VWUSX,,
Acadia Pharmaceuticals Inc,ACAD,,
Bandwidth Inc,BAND,,
Boston Properties Inc,BXP,,
Inovio Pharmaceuticals Inc,INO,,
Synnex Corp,SNX,,
TG Therapeutics Inc,TGTX,,
Sphere 3D Corp,ANY,,
Eaton Vance Floating-Rate Fund,EVBLX,,
Guggenheim Floating Rate Strategies Fund Institutional Class,GIFIX,,
Loomis Sayles Senior Floating Rate and Fixed Income Fund Class Y,LSFYX,,
Nuveen Symphony Floating Rate Income Fund Class A,NFRAX,,
Macom Technology Solutions Holdings Inc,MTSI,,
Power Integrations Inc,POWI,,
Hostess Brands Inc,TWNK,,
Cooper Companies Inc,COO,,
Marathon Oil Corp,MRO,,
Oge Energy Corp,OGE,,
Leuthold Core Investment Fund Retail Class,LCORX,,
CSIM Schwab U.S. Large-Cap Growth ETF,SCHG,,
BTC iShares PHLX Semiconductor ETF,SOXX,,
WisdomTree Floating Rate Treasury Fund,USFR,,
First Trust Large Cap Value Alphadex Fund,FTA,,
Plains Gp Holdings Lp,PAGP,,
American Woodmark Corp,AMWD,,
Bausch Health Companies Inc,BHC,,
Avid Technology Inc,AVID,,
Rush Enterprises Inc,RUSHA,,
Irobot Corp,IRBT,,
Myers Industries Inc,MYE,,
DFA International Small Cap Value Portfolio,DISVX,,
Fidelity International Real Estate Fund,FIREX,,
Matthews Pacific Tiger Fund Institutional Class,MIPTX,,
Life Storage Inc,LSI,,
D.R. Horton Inc,DHI,,
Erie Indemnity Co,ERIE,,
Unilever NV,UNA,,
W. P. Carey Inc,WPC,,
Entegris Inc,ENTG,,
Skandinaviska Enskilda Banken AB (SEB),SEBA,,
Kemper Corporation,KMPR,,
SPDR Bloomberg Barclays Convertible Securities ETF,CWB,,
SPDR S&P Dividend ETF,SDY,,
Big 5 Sporting Goods Corp,BGFV,,
The Toronto-Dominion Bank,TD,,
AB Global Bond Fund Inc Class A,ANAGX,,
Vanguard Total International Bond ETF,BNDX,,
Delaware Small Cap Core Fund Class A,DCCAX,,
Fidelity Advisor Total Bond Fund Class I,FEPIX,,
Guggenheim Total Return Bond Fund Institutional Class,GIBIX,,
Keurig Dr Pepper Inc,KDP,,
KraneShares CSI China Internet ETF,KWEB,,
Vanguard Total International Stock Index Fund ETF Shares,VXUS,,
Broadridge Financial Solutions Inc,BR,,
DCP Midstream LP,DCP,,
Rand Capital Corp,RAND,,
Sps Commerce Inc,SPSC,,
Valmont Industries Inc,VMI,,
Zoominfo Technologies Inc,ZI,,
Avient Corp,AVNT,,
Northwestern Corp,NWE,,
Progyny Inc,PGNY,,
Wd 40 Co,WDFC,,
Oshkosh Corp,OSK,,
Beacon Roofing Supply Inc,BECN,,
Yum China Holdings Inc,YUMC,,
Garmin Ltd,GRMN,,
Medical Properties Trust Inc,MPW,,
IAC InterActiveCorp,IAC,,
Sypris Solutions Inc,SYPR,,
Firstenergy Corp,FE,,
Aspen Technology Inc,AZPN,,
Host Hotels & Resorts Inc,HST,,
Regency Centers Corp,REG,,
Ventas Inc,VTR,,
Welltower Inc,WELL,,
Xerox Holdings Corp,XRX,,
Global X Silver Miners ETF,SIL,,
Toro Co,TTC,,
Watsco Inc,WSO,,
BTC iShares iBonds Dec 2021 Term Corporate ETF,IBDM,,
BTC iShares iBonds Dec 2022 Term Corporate ETF,IBDN,,
Invesco S&P 500 Quality ETF,SPHQ,,
Zurn Water Solutions Corp,ZWS,,
Tencent Music Entertainment Group,TME,,
Profound Medical Corp,PRN,,
HUYA Inc,HUYA,,
Tax Exempt Bond Fund Of America,AFTEX,,
Nikola Corp,NKLA,,
Patrick Industries Inc,PATK,,
NMI Holdings Inc,NMIH,,
Trip.Com Group Ltd,TCOM,,
Davis Select U.S. Equity ETF,DUSA,,
Svenska Handelsbanken AB,SHBA,,
iShares Trust - iShares China Large-Cap ETF,FXI,,
Gladstone Capital Corp,GLAD,,
Mutual Fund Series Trust CatalystMillburn Hedge Strategy Fund Class I,MBXIX,,
Gabelli Multimedia Trust Inc,GGT,,
WisdomTree International SmallCap Dividend Fund,DLS,,
VanEck Vectors Junior Gold Miners ETF,GDXJ,,
Biolife Solutions Inc,BLFS,,
Archrock Inc,AROC,,
CoreCivic Inc,CXW,,
Park Hotels & Resorts Inc,PK,,
Steris Plc,STE,,
First Trust Europe AlphaDEX Fund,FEP,,
Workiva Inc,WK,,
Livent Corp,LTHM,,
JPMorgan Federal Money Market Fund,VFVXX,,
DWS CROCI Equity Dividend Fund Class A,KDHAX,,
ProShares Ultra Bloomberg Crude Oil,UCO,,
Vale S.A.,VALE3,,
OrthoPediatrics Corp,KIDS,,
Belden Inc,BDC,,
Starwood Property Trust Inc,STWD,,
Ryman Hospitality Properties Inc,RHP,,
Fidelity Select Financial Services,FIDSX,,
Fidelity Select Health Care,FSPHX,,
Essity AB,ESSITY,,
SPDR Blackstone GSO Senior Loan ETF,SRLN,,
Fidelity Contrafund,FCNTX,,
Emerging Markets Portfolio Advisor Class,HLEMX,,
Neuberger Berman Large Cap Value Class A,NPNAX,,
Invesco Developing Markets Fd USD Cls A,ODMAX,,
T. Rowe Price Mid-Cap Growth Fund,RPMGX,,
Templeton Global Bond Fund Class A,TPINX,,
Vanguard Specialized Portfolios Energy Fund,VGENX,,
TFF Pharmaceuticals Inc,TFFP,,
Legg Mason Global Infrastructure ETF,INFR,,
Solaredge Technologies Inc,SEDG,,
BTC iShares MSCI EAFE Value ETF,EFV,,
PGIM High Yield Bond Fund Inc,ISD,,
Vanguard Large Cap ETF,VV,,
SPDR S&P Bank ETF,KBE,,
Allogene Therapeutics Inc,ALLO,,
Oyster Point Pharma Inc,OYST,,
Amadeus It Group S.A.,AMS,,
GW Pharmaceuticals PLC,GWPH,,
Scotts Miracle-Gro Co,SMG,,
First Trust Technology Alphadex Fund,FXL,,
iShares Russell 1000 Growth ETF,IWF,,
First Trust Nasdaq-100 Technology Sector Index Fund,QTEC,,
Essential Utilities Inc,WTRG,,
Brandywine Realty Trust,BDN,,
iShares MSCI Australia ETF,EWA,,
Globus Medical Inc,GMED,,
Amerco,UHAL,,
Aristotle Value Equity Fund Class I,ARSQX,,
Lazard US Equity Concentrated Portfolio Institutional Class,LEVIX,,
Nuveen Winslow Large Cap Growth ESG Fund USD Cls I,NVLIX,,
BlackRock Enhanced Equity Dividend Trust,BDJ,,
Counterpoint Tactical Income Fund Class A,CPATX,,
Invesco S&P 500 Equal Weight ETF,RSP,,
Enel SPA,ENEL,,
VanEck Vectors Gold Miners ETF,GDX,,
PIMCO Funds,PONAX,,
Brown Advisory Small-Cap Fundamental Value Fund Institutional Class,BAUUX,,
Brown Advisory Tax Exempt Bond Fund Institutional Shares,BTEIX,,
Balchem Corp,BCPC,,
PGIM Jennison Global Opportunities Fund Class A ,PRJAX,,
Ameren Corp,AEE,,
Gap Inc,GPS,,
HollyFrontier Corp,HFC,,
Interactive Brokers Group Inc,IBKR,,
MKS Instruments Inc,MKSI,,
Nielsen Holdings,NLSN,,
Annaly Capital Management Inc,NLY,,
News Corp,NWSA,,
O-I Glass Inc,OI,,
Healthpeak Properties Inc,PEAK,,
Principal Financial Group Inc,PFG,,
PVH Corp,PVH,,
Royal Caribbean Cruises Ltd,RCL,,
Unum Group,UNM,,
Waste Connections Inc,WCN,,
World Wrestling Entertainment Inc,WWE,,
BlackRock Global LongShort Equity Fund,BDMIX,,
Personalis Inc,PSNL,,
Fidelity Municipal Bond Index Fund,FMBIX,,
Fidelity 500 Index Fund,FXAIX,,
3G Radar Fic Fia 60 Ii,VISRADA,,
Cinemark Holdings Inc,CNK,,
Manpowergroup Inc,MAN,,
ProShares Long OnlineShort Stores ETF,CLIX,,
ProShares Decline of the Retail Store ETF,EMTY,,
Invesco Ltd,IVZ,,
Copart Inc,CPRT,,
Grizzly Merger Sub 1 LLC,GLIBA,,
Flexion Therapeutics Inc,FLXN,,
Brown Advisory Small-Cap Fundamental Value Fund Investor,BIAUX,,
Cantel Medical Corp,CMD,,
Evolent Health Inc,EVH,,
Radius Global Infrastructure Inc,RADI,,
Federal National Mortgage Association Fannie Mae,FNMA,,
Vanguard Specialized Portfolios Dividend Growth Fund,VDIGX,,
Berry Corp,BRY,,
Golub Capital Bdc Inc,GBDC,,
Manulife Financial Corp,MFC,,
Boulder Growth & Income Fund,BIF,,
Alger Small Cap Focus Fund Class Y,AOFYX,,
Fidelity Inflation-Protected Bond Index Fund,FIPDX,,
Fidelity Mid Cap Index Fund,FSMDX,,
Fidelity International Index Fund,FSPSX,,
Fidelity Real Estate Index Fund,FSRNX,,
Fidelity Small Cap Index Fund,FSSNX,,
Great-West MFS International Value Fund,MXIVX,,
American Funds New World Fund Inc Class R-6,RNWGX,,
Onto Innovation Inc,ONTO,,
Healthcare Services Group Inc,HCSG,,
Acadian Emerging Market Portfolio Investor Class Shares,AEMGX,,
Northern Global Real Estate Index Fund,NGREX,,
PIMCO Funds High Yield Fund Class Institutional,PHIYX,,
PIMCO Funds Real Return Fund Class Institutional,PRRIX,,
Safran S.A.,SAF,,
Harley-Davidson Inc,HOG,,
H&R Block Inc,HRB,,
Acuity Brands Inc,AYI,,
Grizzly Short Fund,GRZZX,,
Gannett Co Inc,GCI,,
Kimco Realty Corp,KIM,,
ASGN Inc,ASGN,,
Fidelity Canada Fund,FICDX,,
JPMorgan Small Cap Value Fund Class I,PSOPX,,
Vanguard Short-Term Tax-Exempt Fund Admiral,VWSUX,,
ICF International Inc,ICFI,,
Pan Orient Energy Corp,POE,,
Fidelity Blue Chip Growth Fund,FBGRX,,
Fidelity Select Industrials,FCYIX,,
Fidelity Large Cap Value Enhanced Index Fund,FLVEX,,
Fidelity Select Consumer Discretionary Portfolio,FSCPX,,
Fidelity Select Technology,FSPTX,,
Fidelity Focused Stock Fund,FTQGX,,
Singapore Telecommunications,Z74,,
Mid America Apartment Communities Inc,MAA,,
Cohen & Steers Quality Income Realty Fund Inc,RQI,,
Franklin Income Fund Advisor Class,FRIAX,,
Dodge & Cox International Stock Fund,DODFX,,
Euronet Worldwide Inc,EEFT,,
American Funds Capital Income Builder,CAIFX,,
Sasol Limited,SOL,,
Arcosa Inc,ACA,,
Bollore,BOL,,
Graftech International Ltd,EAF,,
Eqm Midstream Partners Lp,EQM,,
Extra Space Storage Inc,EXR,,
Fox Corp,FOXA,,
Macy's Inc,M,,
Ralph Lauren Corp,RL,,
Engie,ENGI,,
Rio Tinto Limited,RIO,,
Avnet Inc,AVT,,
Chemours Co,CC,,
Macerich Co,MAC,,
MGIC Investment Corp,MTG,,
Six Flags Entertainment Corp,SIX,,
Tix Corp,TIXC,,
SSgA SPDR Dow Jones Global Real Estate ETF,RWO,,
Terex Corp,TEX,,
Upland Software Inc,UPLD,,
Essex Property Trust Inc,ESS,,
Kansas City Southern,KSU,,
Metlifecare Ltd,MET,,
Kontoor Brands Inc,KTB,,
Haynes International Inc,HAYN,,
Assurant Inc,AIZ,,
Glencore,GLEN,,
Jd.Com Inc,JD,,
Nanoviricides Inc,NNVC,,
Affiliated Managers Group Inc,AMG,,
APA Corp,APA,,
DigitalBridge Group Inc,DBRG,,
Dynatrace Inc,DT,,
Fair Isaac Corp,FICO,,
Iaa Inc,IAA,,
Hunt J B Transport Services Inc,JBHT,,
Jefferies Financial Group Inc,JEF,,
Nordstrom Inc,JWN,,
Lamar Advertising Co,LAMR,,
Mohawk Industries Inc,MHK,,
Madison Square Garden Sports Corp,MSGS,,
Olin Corp,OLN,,
Qiagen N.V.,QIA,,
Range Resources Corp ,RRC,,
SL Green Realty Corp,SLG,,
Trimble Inc,TRMB,,
Floor & Decor Holdings Inc,FND,,
Altra Industrial Motion Corp,AIMC,,
MTS Systems Corp,MTSC,,
AMC Networks Inc,AMCX,,
Ligand Pharmaceuticals Inc,LGND,,
Wabco Holdings Inc,WBC,,
Avantor Inc,AVTR,,
Nexstar Media Group Inc ,NXST,,
Kohls Corp,KSS,,
Eplus Inc,PLUS,,
First Trust New Opportunities Mlp & Energy Fund,FPL,,
Lazard Global Total Return & Income Fund Inc,LGI,,
Packaging Corp Of America,PKG,,
BTC iShares iBonds Dec 2025 Term Corporate ETF,IBDQ,,
iShares iBonds Dec 2026 Term Corporate ETF,IBDR,,
iShares iBonds Dec 2027 Term Corporate ETF,IBDS,,
iShares iBonds Dec 2028 Term Corporate ETF,IBDT,,
iShares iBonds Dec 2029 Term Corporate ETF,IBDU,,
BTC iShares S&P Mid-Cap 400 Value ETF,IJJ,,
BTC iShares S&P Mid-Cap 400 Growth ETF,IJK,,
BTC iShares S&P 500 Value ETF,IVE,,
AAR Corp,AIR,,
The Descartes Systems Group Inc,DSG,,
Glacier Bancorp Inc,GBCI,,
Globant S.A.,GLOB,,
Heartland Express Inc,HTLD,,
Idacorp Inc,IDA,,
Unifirst Corp,UNF,,
Barings Bdc Inc,BBDC,,
BTRS Holdings Inc,BTRS,,
CRA International Inc,CRAI,,
Mcgrath Rentcorp,MGRC,,
Maximus Inc,MMS,,
Modivcare Inc,MODV,,
MRC Global Inc,MRC,,
Murphy Usa Inc,MUSA,,
Mueller Water Products Inc,MWA,,
National General Holdings Corp,NGHC,,
Natural Gas Services Group Inc,NGS,,
Neenah Inc,NP,,
Peapack Gladstone Financial Corp,PGC,,
Rex American Resources Corp,REX,,
Regis Corp,RGS,,
Renasant Corp,RNST,,
Echostar Corp,SATS,,
Star Group LP,SGU,,
Solaris Oilfield Infrastructure Inc,SOI,,
Triumph Bancorp Inc,TBK,,
Tristate Capital Holdings Inc,TSC,,
Umb Financial Corp,UMBF,,
Veritex Holdings Inc,VBTX,,
Virtus Investment Partners Inc,VRTS,,
Washington Federal Inc,WAFD,,
Waddell & Reed Financial Inc,WDR,,
Xenia Hotels & Resorts Inc,XHR,,
Albany International Corp,AIN,,
Alerus Financial Corp,ALRS,,
Century Casinos Inc,CNTY,,
Pc Connection Inc,CNXN,,
Core-Mark Holding Company LLC,CORE,,
CTO Realty Growth Inc,CTO,,
Custom Truck One Source Inc,CTOS,,
Cts Corp,CTS,,
Culp Inc,CULP,,
Denny's Corp,DENN,,
Dick's Sporting Goods Inc,DKS,,
Deluxe Corp,DLX,,
Eastgroup Properties Inc,EGP,,
Essential Properties Realty Trust Inc,EPRT,,
E Trade Financial Corp,ETFC,,
Comfort Systems Usa Inc,FIX,,
Federal Signal Corp,FSS,,
Getty Realty Corp,GTY,,
Howard Bancorp Inc,HBMD,,
Kadant Inc,KAI,,
Magellan Health Inc,MGLN,,
Reliance Steel & Aluminum Co,RS,,
BTC iShares Nasdaq Biotechnology ETF,IBB,,
Mainstay Mackay High Yield Municipal Bond Fund Class I,MMHIX,,
SPDR Dow Jones Industrial Average Etf Trust,DIA,,
Lazard International Equity Portfolio Institutional Class,LZIEX,,
Old Westbury Multi-Asset Opportunities Fund,OWMAX,,
Old Westbury Municipal Bond Fund,OWMBX,,
Hertz Global Holdings Inc,HTZZ,,
Vanguard Russell 1000 Index ETF,VONE,,
Playa Hotels & Resorts Nv,PLYA,,
Central Pacific Financial Corp,CPF,,
MFA Financial Inc,MFA,,
Nutrien Ltd,NTR,,
First Trust Mlp & Energy Income Fund,FEI,,
Canada Goose Holdings Inc,GOOS,,
Kar Auction Services Inc,KAR,,
Spectrum Brands Holdings Inc,SPB,,
Chimera Investment Corp,CIM,,
Federal Realty Investment Trust,FRT,,
AlphaCentric Income Opportunities Fund Class A,IOFAX,,
Designer Brands Inc,DBI,,
Choice Hotels International Inc,CHH,,
"W.W. Grainger, Inc",GWW,,
Vodafone Group,VOD,,
Chembio Diagnostics Inc,CEMI,,
PROG Holdings Inc,PRG,,
Bank Of Nova Scotia,BNS,,
Vanguard Short-Term Inflation-Protected Securities Index Fund Institutional Shares,VTSPX,,
Boyd Gaming Corp,BYD,,
Healthcare Trust Of America Inc,HTA,,
America Movil Sab De Cv,AMXA,,
Bic Sa,BB,,
Carrefour,CA,,
CRH,CRH,,
Gazprom,GAZP,,
Mobile Telesystems Ojsc,MTSS,,
Petroleo Brasileiro S.A. Petrobras,PETR3,,
Sanofi-Aventis,SAN,,
Sainsbury (J),SBRY,,
PJSC Surgutneftegas,SNGS_T2,,
Telecom Italia Spa,TIT,,
Artisan Global Value Fund Investor Class,ARTGX,,
Brown Advisory Global Leaders Fund Institutional Shares,BAFLX,,
Brown Advisory Beutel Goodman Large-Cap Value Fund Institutional,BVALX,,
Ring Energy Inc,REI,,
BUNGELTD ,BG,,
Brown Advisory Mid-Cap Growth Fund Investor Shares,BMIDX,,
Cardinal Small Cap Value Fund Institutional Class,CCMSX,,
AB Electrolux,ELUXB,,
Kering Sa,KER,,
Publicis Groupe Sa,PUB,,
Renault,RNO,,
Suez,SEV,,
Terna,TRN,,
Hudson Ltd,HUD,,
Talend Sa,TLND,,
Cardlytics Inc,CDLX,,
Brighthouse Financial Inc,BHF,,
Coty Inc,COTY,,
Capri Holdings Ltd,CPRI,,
Visteon Corp,VC,,
Adecco Group AG,ADEN,,
Aviva,AV/,,
Julius Bär Gruppe Ag,BAER,,
British Land Co,BLND,,
Brenntag AG,BNR,,
Burberry Group,BRBY,,
Coca-Cola Amatil Limited,CCL,,
Credit Suisse Group AG,CSGN,,
Danske Bank AS,DANSKE,,
Deutsche Bank AG,DBK,,
DSV Panalpina AS,DSV,,
Deutsche Wohnen AG,DWNI,,
Enagas Sa,ENG,,
Flutter Entertainment Plc,FLTR,,
GEA Group Ag,G1A,,
Heidelbergcement Ag,HEI,,
Hexagon AB,HEXAB,,
H & M Hennes & Mauritz AB,HMB,,
Hannover Rueckversicherungs Ag,HNR1,,
Iberdrola Sa,IBE,,
InterContinental Hotels Group,IHG,,
Ing Groep N.V.,INGA,,
James Hardie Industries Plc,JHX,,
Knorr-Bremse AG,KBX,,
Kingfisher,KGF,,
Koninklijke Kpn N.V,KPN,,
London Stock Exchange Group,LSEG,,
Lundbeck(H) A S,LUN,,
Neste Corporation,NESTE,,
Nn Group Nv,NN,,
Orsted AS,ORSTED,,
Pearson,PSON,,
Red Electrica Corporacion Sa,REE,,
RWE AG,RWE,,
Siemens Healthineers AG,SHL,,
Sika Ag,SIKA,,
Swedbank AB,SWEDA,,
Swedish Match AB,SWMA,,
Temenos AG,TEMN,,
The Swatch Group Ag,UHRN,,
Wirecard Ag,WDI,,
Wesfarmers Limited,WES,,
Vanguard Short-Term Inflation-Protected Securities Index Fund Admiral,VTAPX,,
Invesco Charter Fund Class A,CHTRX,,
AllianzGI Small Cap Value Fund,PCVAX,,
Avanos Medical Inc,AVNS,,
Aberdeen Standard Physical Palladium Shares ETF,PALL,,
Nuveen High Yield Municipal Bond Fund Class I,NHMRX,,
CSIM Schwab U.S. Small-Cap ETF,SCHA,,
CSIM Schwab International Small-Cap Equity ETF,SCHC,,
Virtus KAR International Small-Cap Fund Class I,VIISX,,
Iheartmedia Inc,IHRT,,
VanEck Vectors Fallen Angel High Yield Bond ETF,ANGL,,
BTC iShares U.S. Aerospace & Defense ETF,ITA,,
JBG Smith Properties,JBGS,,
NV5 Global Inc,NVEE,,
Siemens AG,SIE,,
Methanex Corporation,MX,,
John Bean Technologies Corp,JBT,,
Pebblebrook Hotel Trust,PEB,,
Farmers & Merchants Bancorp Inc,FMAO,,
JMP Group Inc,JMP,,
8X8 Inc,EGHT,,
Aarons Company Inc (The),AAN,,
BNP Paribas,BNP,,
Cameco Corporation,CCO,,
Cemex S.A.B. De C.V.,CEMEXCPO,,
Enel Chile S.A.,ENELCHILE,,
ENI,ENI,,
G4S,GFS,,
Marks & Spencer Group,MKS,,
Douglas Emmett Inc,DEI,,
Emcor Group Inc,EME,,
ITT Inc,ITT,,
Viad Corp,VVI,,
Columbia Sportswear Co,COLM,,
Autoliv Inc,ALV,,
F5 Networks Inc,FFIV,,
Nektar Therapeutics,NKTR,,
Nov Inc,NOV,,
Transocean Ltd,RIG,,
Raymond James Financial Inc,RJF,,
Citizens Financial Corp,CFIN,,
Neogenomics Inc,NEO,,
Twist Bioscience Corp,TWST,,
Enersys,ENS,,
Anika Therapeutics Inc,ANIK,,
New Relic Inc,NEWR,,
Bed Bath & Beyond Inc,BBBY,,
First Trust Enhanced Short Maturity ETF,FTSM,,
First Trust Morningstar Dividend Leaders Index Fund,FDL,,
Gildan Activewear Inc,GIL,,
Inmode Ltd,INMD,,
Envestnet Inc,ENV,,
Community Trust Bancorp Inc,CTBI,,
iShares Expanded Tech-Software Sector ETF,IGV,,
T Rowe Price Latin America Fund,PRLAX,,
Groupe Danone,BN,,
Factset Research Systems Inc,FDS,,
SmileDirectClub Inc,SDC,,
WisdomTree U.S. Quality Shareholder Yield Fund,QSY,,
Swedencare AB,SECARE,,
Fairfax Financial Holdings Limited,FFH,,
Orion Engineered Carbons S.A,OEC,,
Funko Inc,FNKO,,
Taubman Centers Inc,TCO,,
Kornit Digital Ltd,KRNT,,
Perspecta Inc,PRSP,,
Technipfmc Plc,FTI,,
Qorvo Inc,QRVO,,
Spirit Aerosystems Holdings Inc,SPR,,
Ugi Corp,UGI,,
Voya Financial Inc,VOYA,,
Franklin K2 Alternative Strategies Fund Class A,FAAAX,,
Vanguard Index Trust 500 Index Fund,VFINX,,
Vestas Wind Systems AS,VWS,,
Calamos Strategic Total Return Fund,CSQ,,
Kirkland Lake Gold Ltd,KL,,
Blackrock Latin American Investment Trust,BRLA,,
iShares MSCI Japan ETF,EWJ,,
T. Rowe Price New Era Fund I Class,TRNEX,,
Vanguard Real Estate Index Fund Admiral Class,VGSLX,,
Manitowoc Co Inc,MTW,,
Wesbanco Inc,WSBC,,
BTC iShares Agency Bond ETF,AGZ,,
BTC iShares 3-7 Year Treasury Bond ETF,IEI,,
BTC iShares 1-3 Year Treasury Bond ETF,SHY,,
Mirion Technologies Inc,GSAH,,
Federated Hermes Municipal Ultrashort Fund Institutional,FMUSX,,
Michaels Companies Inc,MIK,,
Sanmina Corp,SANM,,
Arrow Financial Corp,AROW,,
W R Grace & Co,GRA,,
Gcp Applied Technologies Inc,GCP,,
MainStay MacKay Tax Free Bond Fund Class I,MTBIX,,
Diversified Healthcare Trust,DHC,,
Exelixis Inc,EXEL,,
NCR Corp,NCR,,
Pinnacle Financial Partners Inc,PNFP,,
Pentair Plc,PNR,,
Sterling Bancorp,STL,,
National Bank Holdings Corp,NBHC,,
Tempur Sealy International Inc,TPX,,
BTC iShares Russell 3000 ETF,IWV,,
PlayAGS Inc,AGS,,
Mistras Group Inc,MG,,
SPDR Series Trust,XRT,,
Adtran Inc,ADTN,,
Deutsche Telekom AG,DTE,,
Instructure Holdings Inc,INST,,
Atlas Air Worldwide Holdings Inc,AAWW,,
First Bancshares Inc,FBSI,,
Bellring Brands Inc,BRBR,,
Wells Fargo Utilities & High Income Fund,ERH,,
Vanguard Real Estate Index Fund,VNQ,,
BrightSpire Capital Inc,BRSP,,
FS KKR Capital Corp,FSK,,
Ovintiv Inc,OVV,,
Tabula Rasa Healthcare Inc,TRHC,,
Mednax Inc,MD,,
SPDR Bloomberg Barclays High Yield Bond ETF,JNK,,
Rocky Brands Inc,RCKY,,
Microstrategy Inc,MSTR,,
Dave & Buster's Entertainment Inc,PLAY,,
Phillips Edison & Company Inc,PECO,,
iShares Core S&P Mid-Cap ETF,IJH,,
Blackrock Science And Technology Trust II,BSTZ,,
Addus Homecare Corp,ADUS,,
Ambarella Inc,AMBA,,
American Homes 4 Rent,AMH,,
Anadarko Petroleum Corp,APC,,
Apple Hospitality Reit Inc,APLE,,
Aspen Pharmacare Holdings Ltd,APN,,
Apollo Commercial Real Estate Finance Inc,ARI,,
Axogen Inc,AXGN,,
Bankunited Inc,BKU,,
Bayerische Motoren Werke Ag,BMW,,
DMC Global Inc,BOOM,,
CIMPRESS plc,CMPR,,
Cirrus Logic Inc,CRUS,,
Commvault Systems Inc,CVLT,,
Columbia Property Trust Inc,CXP,,
Dolby Laboratories Inc,DLB,,
Now Inc,DNOW,,
Eagle Bancorp Inc,EGBN,,
Flagstar Bancorp Inc,FBC,,
First Financial Bankshares Inc,FFIN,,
First Interstate Bancsystem Inc,FIBK,,
Fox Factory Holding Corp,FOXF,,
Global Blood Therapeutics Inc,GBT,,
Grifols S.A.,GRF,,
Hawaiian Electric Industries Inc,HE,,
Highwoods Properties Inc,HIW,,
Hecla Mining Co,HL,,
Ionis Pharmaceuticals Inc,IONS,,
Irhythm Technologies Inc,IRTC,,
Lancaster Colony Corp,LANC,,
Laureate Education Inc,LAUR,,
Manhattan Associates Inc,MANH,,
Medifast Inc,MED,,
National Instruments Corp,NATI,,
Nutanix Inc,NTNX,,
Oxford Industries Inc,OXM,,
Prosperity Bancshares Inc,PB,,
Potlatchdeltic Corp,PCH,,
Piedmont Office Realty Trust Inc,PDM,,
Paramount Group Inc,PGRE,,
Children's Place Inc,PLCE,,
Patterson Uti Energy Inc,PTEN,,
Radius Health Inc,RDUS,,
Rexford Industrial Realty Inc,REXR,,
SITE Centers Corp,SITC,,
Spirit Realty Capital Inc,SRC,,
Trustmark Corp,TRMK,,
Texas Roadhouse Inc,TXRH,,
Umpqua Holdings Corp,UMPQ,,
US Physical Therapy Inc,USPH,,
Varonis Systems Inc,VRNS,,
Wingstop Inc,WING,,
Watts Water Technologies Inc,WTS,,
Zendesk Inc,ZEN,,
PacWest Bancorp,PACW,,
PDC Energy Inc,PDCE,,
Armour Residential Reit Inc,ARR,,
Meritage Homes Corp,MTH,,
Two Harbors Investment Corp,TWO,,
Tanger Factory Outlet Centers Inc,SKT,,
Mimedx Group Inc,MDXG,,
Enstar Group Ltd,ESGR,,
Gabelli Dividend & Income Trust,GDV,,
Fnb Corp pa,FNB,,
Kennametal Inc,KMT,,
Puma Biotechnology Inc,PBYI,,
Digimarc Corp,DMRC,,
Viomi Technology Co Ltd,VIOT,,
Abm Industries Inc,ABM,,
MGP Ingredients Inc,MGPI,,
Redfin Corp,RDFN,,
Schnitzer Steel Industries Inc,SCHN,,
JP Morgan American Investment Trust,JAM,,
Big Lots Inc,BIG,,
Universal Corp,UVV,,
Vocera Communications Inc,VCRA,,
Continental Resources Inc,CLR,,
Diebold Nixdorf Inc ,DBD,,
Winnebago Industries Inc,WGO,,
Century Communities Inc,CCS,,
First American Financial Corp,FAF,,
Propetro Holding Corp,PUMP,,
Taylor Morrison Home Corp,TMHC,,
Superior Industries International Inc,SUP,,
Vanguard Short-Term Corporate Bond ETF,VCSH,,
Utg Inc,UTGN,,
Masonite International Corp,DOOR,,
Greenbrier Companies Inc,GBX,,
Rent A Center Inc De,RCII,,
Intersect Ent Inc,XENT,,
Biglari Holdings Inc,BH/A,,
Grupo Financiero Banorte,GFNORTEO,,
Healthcare Realty Trust Inc,HR,,
Spirit Airlines Inc,SAVE,,
Genesco Inc,GCO,,
PS Business Parks Inc,PSB,,
BlackRock Institutional Trust Company N.A.,IXP,,
"Smith & Wesson Brands, Inc.",SWBI,,
Tactile Systems Technology Inc,TCMD,,
Weibo Corp,WB,,
Vanguard Information Technology ETF,VGT,,
Calavo Growers Inc,CVGW,,
Moelis & Co,MC,,
PG&E Corp,PCG,,
Red Hat Inc,RHT,,
Precigen Inc,PGEN,,
Blackrock Municipal Income Investment Quality Trust,BAF,,
Mallinckrodt Plc,MNKKQ,,
New York Community Bancorp Inc,NYCB,,
